{"startedAt":1.566637834202E12,"surfaces":[{"brainId":"C79338","panelName":"26D","pixels":[{"modelPosition":{"x":-281.03128,"y":144.63187,"z":-82.591385},"screenPosition":{"x":0.69754755,"y":0.214899},"deltaImage":"not-really-an-image.png"},{"modelPosition":{"x":-281.94467,"y":144.91534,"z":-82.55906},"screenPosition":{"x":0.68498224,"y":0.22617911},"deltaImage":"not-really-an-image.png"},{"modelPosition":{"x":-283.42694,"y":146.07605,"z":-82.26999},"screenPosition":{"x":0.6458728,"y":0.24163367},"deltaImage":"not-really-an-image.png"},{"modelPosition":{"x":-285.18137,"y":147.32562,"z":-81.9698},"screenPosition":{"x":0.6019082,"y":0.26106247},"deltaImage":"not-really-an-image.png"},{"modelPosition":{"x":-287.87363,"y":147.17828,"z":-82.20643},"screenPosition":{"x":0.58525485,"y":0.30192363},"deltaImage":"not-really-an-image.png"},{"modelPosition":{"x":-288.5764,"y":145.14323,"z":-82.942406},"screenPosition":{"x":0.6283847,"y":0.32433328},"deltaImage":"not-really-an-image.png"},{"modelPosition":{"x":-287.55624,"y":143.21794,"z":-83.521736},"screenPosition":{"x":0.6822856,"y":0.32021594},"deltaImage":"not-really-an-image.png"},{"modelPosition":{"x":-284.61487,"y":142.04054,"z":-83.715164},"screenPosition":{"x":0.7330266,"y":0.28298151},"deltaImage":"not-really-an-image.png"},{"modelPosition":null,"screenPosition":null,"deltaImage":null},{"modelPosition":{"x":-280.59958,"y":144.00992,"z":-82.77144},"screenPosition":{"x":0.7159932,"y":0.21186723},"deltaImage":"not-really-an-image.png"},{"modelPosition":{"x":-279.0295,"y":145.40437,"z":-82.19158},"screenPosition":{"x":0.69575524,"y":0.17961843},"deltaImage":"not-really-an-image.png"},{"modelPosition":{"x":-278.31583,"y":148.25844,"z":-81.17828},"screenPosition":{"x":0.6331431,"y":0.152272},"deltaImage":"not-really-an-image.png"},{"modelPosition":null,"screenPosition":null,"deltaImage":null},{"modelPosition":{"x":-281.61688,"y":150.64435,"z":-80.60172},"screenPosition":{"x":0.55079406,"y":0.18785061},"deltaImage":"not-really-an-image.png"},{"modelPosition":{"x":-283.0624,"y":151.74236,"z":-80.331276},"screenPosition":{"x":0.5133406,"y":0.20323347},"deltaImage":"not-really-an-image.png"},{"modelPosition":{"x":-284.55905,"y":153.57191,"z":-79.81735},"screenPosition":{"x":0.45828256,"y":0.21488932},"deltaImage":"not-really-an-image.png"},{"modelPosition":{"x":-284.20334,"y":155.02632,"z":-79.30153},"screenPosition":{"x":0.42631423,"y":0.2010733},"deltaImage":"not-really-an-image.png"},{"modelPosition":{"x":-284.15552,"y":157.51637,"z":-78.45737},"screenPosition":{"x":0.36721638,"y":0.1859018},"deltaImage":"not-really-an-image.png"},{"modelPosition":{"x":-283.97623,"y":158.6789,"z":-78.05236},"screenPosition":{"x":0.34090132,"y":0.17636469},"deltaImage":"not-really-an-image.png"},{"modelPosition":{"x":-282.15405,"y":160.30875,"z":-77.37551},"screenPosition":{"x":0.3160363,"y":0.13953817},"deltaImage":"not-really-an-image.png"},{"modelPosition":{"x":-280.42834,"y":160.5995,"z":-77.15755},"screenPosition":{"x":0.32238346,"y":0.11196799},"deltaImage":"not-really-an-image.png"},{"modelPosition":{"x":-278.44626,"y":160.58618,"z":-77.024475},"screenPosition":{"x":0.33796093,"y":0.0823275},"deltaImage":"not-really-an-image.png"},{"modelPosition":null,"screenPosition":null,"deltaImage":null},{"modelPosition":null,"screenPosition":null,"deltaImage":null},{"modelPosition":{"x":-275.98987,"y":156.12543,"z":-78.3603},"screenPosition":{"x":0.46331945,"y":0.07151435},"deltaImage":"not-really-an-image.png"},{"modelPosition":{"x":-276.00195,"y":154.8507,"z":-78.79159},"screenPosition":{"x":0.4936455,"y":0.07913016},"deltaImage":"not-really-an-image.png"},{"modelPosition":{"x":-278.09464,"y":154.68169,"z":-78.993904},"screenPosition":{"x":0.48156738,"y":0.11149245},"deltaImage":"not-really-an-image.png"},{"modelPosition":{"x":-280.4589,"y":154.59726,"z":-79.186516},"screenPosition":{"x":0.46538058,"y":0.14743315},"deltaImage":"not-really-an-image.png"},{"modelPosition":{"x":-282.78857,"y":155.28197,"z":-79.117004},"screenPosition":{"x":0.43059292,"y":0.17899989},"deltaImage":"not-really-an-image.png"},{"modelPosition":{"x":-283.6717,"y":155.49702,"z":-79.10568},"screenPosition":{"x":0.41885552,"y":0.19075173},"deltaImage":"not-really-an-image.png"},{"modelPosition":null,"screenPosition":null,"deltaImage":null},{"modelPosition":null,"screenPosition":null,"deltaImage":null},{"modelPosition":{"x":-291.5542,"y":158.22684,"z":-79.68319},"screenPosition":{"x":0.29716897,"y":0.2972041},"deltaImage":"not-really-an-image.png"},{"modelPosition":{"x":-291.16333,"y":159.63966,"z":-79.32582},"screenPosition":{"x":0.26732835,"y":0.2834975},"deltaImage":"not-really-an-image.png"},{"modelPosition":{"x":-290.86603,"y":161.45712,"z":-78.913605},"screenPosition":{"x":0.22750816,"y":0.26887926},"deltaImage":"not-really-an-image.png"},{"modelPosition":{"x":-290.2066,"y":162.76492,"z":-78.514},"screenPosition":{"x":0.20177162,"y":0.25172454},"deltaImage":"not-really-an-image.png"},{"modelPosition":null,"screenPosition":null,"deltaImage":null},{"modelPosition":null,"screenPosition":null,"deltaImage":null},{"modelPosition":{"x":-283.87363,"y":162.8336,"z":-77.03691},"screenPosition":{"x":0.24432336,"y":0.15221235},"deltaImage":"not-really-an-image.png"},{"modelPosition":{"x":-282.37213,"y":161.39111,"z":-77.025154},"screenPosition":{"x":0.2885289,"y":0.13649508},"deltaImage":"not-really-an-image.png"},{"modelPosition":{"x":-281.7569,"y":159.961,"z":-77.46537},"screenPosition":{"x":0.3272771,"y":0.13583903},"deltaImage":"not-really-an-image.png"},{"modelPosition":{"x":-281.67496,"y":158.28117,"z":-78.02693},"screenPosition":{"x":0.36810887,"y":0.14418021},"deltaImage":"not-really-an-image.png"},{"modelPosition":{"x":-283.3142,"y":157.16965,"z":-78.51605},"screenPosition":{"x":0.38160208,"y":0.17583905},"deltaImage":"not-really-an-image.png"},{"modelPosition":{"x":-285.17746,"y":156.2719,"z":-78.94853},"screenPosition":{"x":0.38894808,"y":0.20860103},"deltaImage":"not-really-an-image.png"},{"modelPosition":{"x":-287.54523,"y":156.99982,"z":-78.98825},"screenPosition":{"x":0.35396382,"y":0.24026676},"deltaImage":"not-really-an-image.png"},{"modelPosition":{"x":-289.7619,"y":158.36401,"z":-79.242905},"screenPosition":{"x":0.30659696,"y":0.26828188},"deltaImage":"not-really-an-image.png"},{"modelPosition":{"x":-290.3146,"y":159.91234,"z":-79.07807},"screenPosition":{"x":0.26683983,"y":0.26896197},"deltaImage":"not-really-an-image.png"},{"modelPosition":null,"screenPosition":null,"deltaImage":null},{"modelPosition":null,"screenPosition":null,"deltaImage":null},{"modelPosition":{"x":-287.2935,"y":162.85513,"z":-77.82348},"screenPosition":{"x":0.21998523,"y":0.20564392},"deltaImage":"not-really-an-image.png"},{"modelPosition":{"x":-285.5405,"y":162.86469,"z":-77.4164},"screenPosition":{"x":0.23198305,"y":0.17814796},"deltaImage":"not-really-an-image.png"},{"modelPosition":{"x":-283.69717,"y":163.13872,"z":-76.93845},"screenPosition":{"x":0.23841229,"y":0.14805926},"deltaImage":"not-really-an-image.png"},{"modelPosition":{"x":-282.20953,"y":163.25041,"z":-76.57342},"screenPosition":{"x":0.24625525,"y":0.123981416},"deltaImage":"not-really-an-image.png"},{"modelPosition":{"x":-279.4463,"y":162.57858,"z":-76.42108},"screenPosition":{"x":0.28271732,"y":0.08570078},"deltaImage":"not-really-an-image.png"},{"modelPosition":{"x":-278.4866,"y":161.10316,"z":-76.85269},"screenPosition":{"x":0.32523528,"y":0.08009251},"deltaImage":"not-really-an-image.png"},{"modelPosition":null,"screenPosition":null,"deltaImage":null},{"modelPosition":{"x":-276.49185,"y":158.43033,"z":-77.61681},"screenPosition":{"x":0.4044527,"y":0.06559759},"deltaImage":"not-really-an-image.png"},{"modelPosition":null,"screenPosition":null,"deltaImage":null},{"modelPosition":{"x":-279.03577,"y":157.84155,"z":-77.9922},"screenPosition":{"x":0.3989177,"y":0.107173935},"deltaImage":"not-really-an-image.png"},{"modelPosition":{"x":-278.89166,"y":159.72878,"z":-77.34492},"screenPosition":{"x":0.3549923,"y":0.094006404},"deltaImage":"not-really-an-image.png"},{"modelPosition":{"x":-282.8477,"y":149.83452,"z":-80.96062},"screenPosition":{"x":0.5602142,"y":0.21137612},"deltaImage":"not-really-an-image.png"},{"modelPosition":{"x":-281.84552,"y":148.10872,"z":-81.47383},"screenPosition":{"x":0.6094708,"y":0.20612009},"deltaImage":"not-really-an-image.png"},{"modelPosition":null,"screenPosition":null,"deltaImage":null},{"modelPosition":{"x":-278.50638,"y":145.869,"z":-81.998375},"screenPosition":{"x":0.68827003,"y":0.16936514},"deltaImage":"not-really-an-image.png"},{"modelPosition":{"x":-275.18665,"y":145.52477,"z":-81.8842},"screenPosition":{"x":0.7224675,"y":0.12129834},"deltaImage":"not-really-an-image.png"},{"modelPosition":{"x":-273.3142,"y":147.79053,"z":-80.98913},"screenPosition":{"x":0.6828151,"y":0.08000919},"deltaImage":"not-really-an-image.png"},{"modelPosition":null,"screenPosition":null,"deltaImage":null},{"modelPosition":{"x":-275.6879,"y":151.42593,"z":-79.92627},"screenPosition":{"x":0.57674766,"y":0.09546469},"deltaImage":"not-really-an-image.png"},{"modelPosition":{"x":-276.32617,"y":152.69041,"z":-79.54358},"screenPosition":{"x":0.5426181,"y":0.09668155},"deltaImage":"not-really-an-image.png"},{"modelPosition":{"x":-277.96558,"y":154.42664,"z":-79.07108},"screenPosition":{"x":0.48854268,"y":0.111173056},"deltaImage":"not-really-an-image.png"},{"modelPosition":null,"screenPosition":null,"deltaImage":null},{"modelPosition":{"x":-282.0388,"y":155.32397,"z":-79.05078},"screenPosition":{"x":0.4354022,"y":0.16747236},"deltaImage":"not-really-an-image.png"},{"modelPosition":null,"screenPosition":null,"deltaImage":null},{"modelPosition":null,"screenPosition":null,"deltaImage":null},{"modelPosition":{"x":-283.24017,"y":151.01973,"z":-80.58763},"screenPosition":{"x":0.5293391,"y":0.20999978},"deltaImage":"not-really-an-image.png"},{"modelPosition":{"x":-281.97278,"y":149.20482,"z":-81.112526},"screenPosition":{"x":0.5824056,"y":0.2015825},"deltaImage":"not-really-an-image.png"},{"modelPosition":null,"screenPosition":null,"deltaImage":null},{"modelPosition":{"x":-277.17532,"y":149.86212,"z":-80.55758},"screenPosition":{"x":0.60365444,"y":0.12581855},"deltaImage":"not-really-an-image.png"},{"modelPosition":{"x":-276.55273,"y":151.6341,"z":-79.91601},"screenPosition":{"x":0.566163,"y":0.10614888},"deltaImage":"not-really-an-image.png"},{"modelPosition":{"x":-276.36108,"y":153.62122,"z":-79.23169},"screenPosition":{"x":0.52021986,"y":0.09168578},"deltaImage":"not-really-an-image.png"},{"modelPosition":{"x":-277.95917,"y":155.27719,"z":-78.78342},"screenPosition":{"x":0.4682472,"y":0.106186874},"deltaImage":"not-really-an-image.png"},{"modelPosition":{"x":-280.40887,"y":155.79199,"z":-78.77961},"screenPosition":{"x":0.43725562,"y":0.13971522},"deltaImage":"not-really-an-image.png"},{"modelPosition":{"x":-282.25702,"y":155.9661,"z":-78.8491},"screenPosition":{"x":0.41850364,"y":0.16689472},"deltaImage":"not-really-an-image.png"},{"modelPosition":{"x":-284.02386,"y":156.61305,"z":-78.75326},"screenPosition":{"x":0.38983163,"y":0.18912774},"deltaImage":"not-really-an-image.png"},{"modelPosition":null,"screenPosition":null,"deltaImage":null},{"modelPosition":null,"screenPosition":null,"deltaImage":null},{"modelPosition":{"x":-289.3193,"y":159.01463,"z":-79.017624},"screenPosition":{"x":0.2944906,"y":0.25817624},"deltaImage":"not-really-an-image.png"},{"modelPosition":{"x":-291.29422,"y":159.24347,"z":-79.430954},"screenPosition":{"x":0.2758634,"y":0.2871501},"deltaImage":"not-really-an-image.png"},{"modelPosition":{"x":-293.48926,"y":159.70575,"z":-79.85106},"screenPosition":{"x":0.24984384,"y":0.3190976},"deltaImage":"not-really-an-image.png"},{"modelPosition":{"x":-295.3107,"y":158.54291,"z":-80.49192},"screenPosition":{"x":0.26411802,"y":0.35368887},"deltaImage":"not-really-an-image.png"},{"modelPosition":{"x":-296.23804,"y":157.11372,"z":-80.9764},"screenPosition":{"x":0.29080233,"y":0.3756719},"deltaImage":"not-really-an-image.png"},{"modelPosition":{"x":-297.70026,"y":155.66599,"z":-81.58805},"screenPosition":{"x":0.31418845,"y":0.40612665},"deltaImage":"not-really-an-image.png"},{"modelPosition":{"x":-297.42285,"y":153.7709,"z":-81.882065},"screenPosition":{"x":0.36005345,"y":0.41169593},"deltaImage":"not-really-an-image.png"},{"modelPosition":{"x":-296.92142,"y":151.85966,"z":-82.12734},"screenPosition":{"x":0.407169,"y":0.4142178},"deltaImage":"not-really-an-image.png"},{"modelPosition":null,"screenPosition":null,"deltaImage":null},{"modelPosition":{"x":-296.0521,"y":148.52605,"z":-82.55637},"screenPosition":{"x":0.49127933,"y":0.41761237},"deltaImage":"not-really-an-image.png"},{"modelPosition":{"x":-295.58398,"y":146.0956,"z":-83.10719},"screenPosition":{"x":0.55181295,"y":0.4237957},"deltaImage":"not-really-an-image.png"},{"modelPosition":{"x":-294.04465,"y":144.49545,"z":-83.54069},"screenPosition":{"x":0.60184777,"y":0.41004845},"deltaImage":"not-really-an-image.png"},{"modelPosition":{"x":-292.47156,"y":143.03271,"z":-83.925446},"screenPosition":{"x":0.6488641,"y":0.3949935},"deltaImage":"not-really-an-image.png"},{"modelPosition":{"x":-291.25952,"y":140.98631,"z":-84.53235},"screenPosition":{"x":0.70702857,"y":0.3887565},"deltaImage":"not-really-an-image.png"},{"modelPosition":{"x":-288.90848,"y":138.4722,"z":-85.21815},"screenPosition":{"x":0.7846111,"y":0.3683312},"deltaImage":"not-really-an-image.png"},{"modelPosition":{"x":-286.19016,"y":139.18338,"z":-84.789314},"screenPosition":{"x":0.7890798,"y":0.32326433},"deltaImage":"not-really-an-image.png"},{"modelPosition":null,"screenPosition":null,"deltaImage":null},{"modelPosition":{"x":-281.91528,"y":141.07794,"z":-83.852844},"screenPosition":{"x":0.7767807,"y":0.24811955},"deltaImage":"not-really-an-image.png"},{"modelPosition":{"x":-280.00192,"y":142.22621,"z":-83.33228},"screenPosition":{"x":0.7641098,"y":0.2127345},"deltaImage":"not-really-an-image.png"},{"modelPosition":{"x":-278.7359,"y":143.98906,"z":-82.64913},"screenPosition":{"x":0.73178947,"y":0.18347074},"deltaImage":"not-really-an-image.png"},{"modelPosition":null,"screenPosition":null,"deltaImage":null},{"modelPosition":{"x":-280.96686,"y":149.16821,"z":-81.05507},"screenPosition":{"x":0.5900475,"y":0.18750492},"deltaImage":"not-really-an-image.png"},{"modelPosition":{"x":-283.28836,"y":149.19753,"z":-81.20631},"screenPosition":{"x":0.57245153,"y":0.22135036},"deltaImage":"not-really-an-image.png"},{"modelPosition":{"x":-285.4893,"y":149.39734,"z":-81.291595},"screenPosition":{"x":0.55073917,"y":0.25318444},"deltaImage":"not-really-an-image.png"},{"modelPosition":{"x":-286.86002,"y":149.90001,"z":-81.21699},"screenPosition":{"x":0.52819073,"y":0.2708047},"deltaImage":"not-really-an-image.png"},{"modelPosition":{"x":-288.0587,"y":150.49068,"z":-81.10073},"screenPosition":{"x":0.5048677,"y":0.2853317},"deltaImage":"not-really-an-image.png"},{"modelPosition":{"x":-288.01862,"y":152.32692,"z":-80.47788},"screenPosition":{"x":0.4611239,"y":0.27422205},"deltaImage":"not-really-an-image.png"},{"modelPosition":{"x":-288.4238,"y":153.95488,"z":-79.956276},"screenPosition":{"x":0.41939035,"y":0.27060124},"deltaImage":"not-really-an-image.png"},{"modelPosition":{"x":-288.42438,"y":154.16959,"z":-79.88381},"screenPosition":{"x":0.41426027,"y":0.26935977},"deltaImage":"not-really-an-image.png"},{"modelPosition":{"x":-290.00064,"y":155.09958,"z":-79.91503},"screenPosition":{"x":0.38099608,"y":0.2885343},"deltaImage":"not-really-an-image.png"},{"modelPosition":{"x":-292.1222,"y":156.50745,"z":-80.13944},"screenPosition":{"x":0.33315107,"y":0.31486464},"deltaImage":"not-really-an-image.png"},{"modelPosition":{"x":-293.87756,"y":157.84758,"z":-80.292},"screenPosition":{"x":0.28999943,"y":0.33519185},"deltaImage":"not-really-an-image.png"},{"modelPosition":{"x":-293.1349,"y":160.0907,"z":-79.69638},"screenPosition":{"x":0.24330948,"y":0.31168407},"deltaImage":"not-really-an-image.png"},{"modelPosition":{"x":-290.21497,"y":158.83372,"z":-79.25888},"screenPosition":{"x":0.2928928,"y":0.27238742},"deltaImage":"not-really-an-image.png"},{"modelPosition":{"x":-299.4994,"y":149.7939,"z":-83.11374},"screenPosition":{"x":0.43784326,"y":0.46496382},"deltaImage":"not-really-an-image.png"},{"modelPosition":{"x":-301.2833,"y":150.56358,"z":-83.3807},"screenPosition":{"x":0.4075567,"y":0.48887423},"deltaImage":"not-really-an-image.png"},{"modelPosition":{"x":-303.33035,"y":152.33041,"z":-83.52005},"screenPosition":{"x":0.35197675,"y":0.5117919},"deltaImage":"not-really-an-image.png"},{"modelPosition":{"x":-303.9107,"y":154.63982,"z":-83.217766},"screenPosition":{"x":0.29464868,"y":0.5087406},"deltaImage":"not-really-an-image.png"},{"modelPosition":{"x":-304.66504,"y":156.41652,"z":-83.05639},"screenPosition":{"x":0.24823214,"y":0.5112523},"deltaImage":"not-really-an-image.png"},{"modelPosition":{"x":-304.3149,"y":158.3566,"z":-82.608795},"screenPosition":{"x":0.2056746,"y":0.49563807},"deltaImage":"not-really-an-image.png"},{"modelPosition":{"x":-303.12665,"y":160.12038,"z":-82.000755},"screenPosition":{"x":0.17304869,"y":0.467822},"deltaImage":"not-really-an-image.png"},{"modelPosition":{"x":-301.27246,"y":160.74277,"z":-81.45446},"screenPosition":{"x":0.17153797,"y":0.43554056},"deltaImage":"not-really-an-image.png"},{"modelPosition":{"x":-299.2823,"y":161.31543,"z":-80.88613},"screenPosition":{"x":0.17212816,"y":0.4013903},"deltaImage":"not-really-an-image.png"},{"modelPosition":{"x":-297.46353,"y":161.36371,"z":-80.45653},"screenPosition":{"x":0.18368639,"y":0.37266234},"deltaImage":"not-really-an-image.png"},{"modelPosition":null,"screenPosition":null,"deltaImage":null},{"modelPosition":null,"screenPosition":null,"deltaImage":null},{"modelPosition":{"x":-291.52777,"y":160.37193,"z":-79.27168},"screenPosition":{"x":0.24806516,"y":0.28490773},"deltaImage":"not-really-an-image.png"},{"modelPosition":{"x":-291.15158,"y":158.29688,"z":-79.57687},"screenPosition":{"x":0.29855603,"y":0.29024163},"deltaImage":"not-really-an-image.png"},{"modelPosition":{"x":-292.0292,"y":156.09921,"z":-80.1951},"screenPosition":{"x":0.34349084,"y":0.31527302},"deltaImage":"not-really-an-image.png"},{"modelPosition":{"x":-294.75885,"y":156.10072,"z":-80.825874},"screenPosition":{"x":0.32444957,"y":0.35796392},"deltaImage":"not-really-an-image.png"},{"modelPosition":null,"screenPosition":null,"deltaImage":null},{"modelPosition":{"x":-298.55002,"y":156.51314,"z":-81.62441},"screenPosition":{"x":0.28861606,"y":0.4150069},"deltaImage":"not-really-an-image.png"},{"modelPosition":{"x":-300.32822,"y":156.82466,"z":-81.97663},"screenPosition":{"x":0.26899585,"y":0.44122037},"deltaImage":"not-really-an-image.png"},{"modelPosition":{"x":-302.49973,"y":156.84322,"z":-82.47515},"screenPosition":{"x":0.25321892,"y":0.4752719},"deltaImage":"not-really-an-image.png"},{"modelPosition":{"x":-304.40167,"y":157.4271,"z":-82.80452},"screenPosition":{"x":0.2264986,"y":0.5019359},"deltaImage":"not-really-an-image.png"},{"modelPosition":{"x":-306.21002,"y":157.82733,"z":-83.14696},"screenPosition":{"x":0.2047405,"y":0.5280736},"deltaImage":"not-really-an-image.png"},{"modelPosition":{"x":-308.0138,"y":158.22653,"z":-83.48852},"screenPosition":{"x":0.18290797,"y":0.5542297},"deltaImage":"not-really-an-image.png"},{"modelPosition":{"x":-309.98843,"y":158.54471,"z":-83.8849},"screenPosition":{"x":0.16176398,"y":0.5834843},"deltaImage":"not-really-an-image.png"},{"modelPosition":{"x":-312.0911,"y":158.02785,"z":-84.4687},"screenPosition":{"x":0.15909518,"y":0.6191046},"deltaImage":"not-really-an-image.png"},{"modelPosition":{"x":-313.71146,"y":156.95708,"z":-85.04566},"screenPosition":{"x":0.17263557,"y":0.6500664},"deltaImage":"not-really-an-image.png"},{"modelPosition":{"x":-314.67877,"y":155.18929,"z":-85.603386},"screenPosition":{"x":0.20689473,"y":0.6744441},"deltaImage":"not-really-an-image.png"},{"modelPosition":{"x":-314.9051,"y":153.20377,"z":-86.030945},"screenPosition":{"x":0.2512382,"y":0.6882669},"deltaImage":"not-really-an-image.png"},{"modelPosition":{"x":-315.22043,"y":150.95212,"z":-86.52938},"screenPosition":{"x":0.301225,"y":0.7049518},"deltaImage":"not-really-an-image.png"},{"modelPosition":{"x":-314.17792,"y":148.75502,"z":-86.70359},"screenPosition":{"x":0.35962108,"y":0.7002073},"deltaImage":"not-really-an-image.png"},{"modelPosition":{"x":-311.58603,"y":149.14915,"z":-86.029884},"screenPosition":{"x":0.36809722,"y":0.6574447},"deltaImage":"not-really-an-image.png"},{"modelPosition":{"x":-310.61426,"y":151.37456,"z":-85.38465},"screenPosition":{"x":0.32344612,"y":0.6306762},"deltaImage":"not-really-an-image.png"},{"modelPosition":{"x":-310.3915,"y":153.14609,"z":-84.99836},"screenPosition":{"x":0.284169,"y":0.61799103},"deltaImage":"not-really-an-image.png"},{"modelPosition":null,"screenPosition":null,"deltaImage":null},{"modelPosition":{"x":-309.0702,"y":155.52576,"z":-84.24315},"screenPosition":{"x":0.2380051,"y":0.58487344},"deltaImage":"not-really-an-image.png"},{"modelPosition":null,"screenPosition":null,"deltaImage":null},{"modelPosition":{"x":-305.41345,"y":154.62732,"z":-83.56755},"screenPosition":{"x":0.28451344,"y":0.53231484},"deltaImage":"not-really-an-image.png"},{"modelPosition":{"x":-304.1724,"y":152.50874,"z":-83.681015},"screenPosition":{"x":0.3423022,"y":0.5239487},"deltaImage":"not-really-an-image.png"},{"modelPosition":null,"screenPosition":null,"deltaImage":null},{"modelPosition":null,"screenPosition":null,"deltaImage":null},{"modelPosition":{"x":-307.3542,"y":147.707,"z":-85.32407},"screenPosition":{"x":0.4314941,"y":0.59884334},"deltaImage":"not-really-an-image.png"},{"modelPosition":{"x":-309.078,"y":146.81566,"z":-85.89105},"screenPosition":{"x":0.44015163,"y":0.6304882},"deltaImage":"not-really-an-image.png"},{"modelPosition":{"x":-311.0652,"y":145.58122,"z":-86.58376},"screenPosition":{"x":0.45467165,"y":0.66798663},"deltaImage":"not-really-an-image.png"},{"modelPosition":null,"screenPosition":null,"deltaImage":null},{"modelPosition":{"x":-314.4583,"y":144.15996,"z":-87.63682},"screenPosition":{"x":0.4642437,"y":0.7285963},"deltaImage":"not-really-an-image.png"},{"modelPosition":{"x":-315.04007,"y":141.54327,"z":-88.26583},"screenPosition":{"x":0.52087975,"y":0.751371},"deltaImage":"not-really-an-image.png"},{"modelPosition":{"x":-312.84082,"y":140.73663,"z":-87.90983},"screenPosition":{"x":0.5544246,"y":0.7210015},"deltaImage":"not-really-an-image.png"},{"modelPosition":{"x":-310.41315,"y":139.688,"z":-87.54676},"screenPosition":{"x":0.59461725,"y":0.68829197},"deltaImage":"not-really-an-image.png"},{"modelPosition":{"x":-309.84097,"y":137.11856,"z":-87.90007},"screenPosition":{"x":0.65974647,"y":0.6930795},"deltaImage":"not-really-an-image.png"},{"modelPosition":{"x":-310.99857,"y":134.33234,"z":-88.69425},"screenPosition":{"x":0.7163004,"y":0.7257554},"deltaImage":"not-really-an-image.png"},{"modelPosition":{"x":-311.71075,"y":133.10527,"z":-89.0908},"screenPosition":{"x":0.7386416,"y":0.7430265},"deltaImage":"not-really-an-image.png"},{"modelPosition":{"x":-313.05145,"y":129.32158,"z":-90.11582},"screenPosition":{"x":0.8182094,"y":0.7840669},"deltaImage":"not-really-an-image.png"},{"modelPosition":{"x":-315.09177,"y":128.86543,"z":-90.67373},"screenPosition":{"x":0.81377846,"y":0.8181352},"deltaImage":"not-really-an-image.png"},{"modelPosition":null,"screenPosition":null,"deltaImage":null},{"modelPosition":{"x":-319.2614,"y":133.0036,"z":-90.855644},"screenPosition":{"x":0.68952227,"y":0.8620641},"deltaImage":"not-really-an-image.png"},{"modelPosition":{"x":-319.1605,"y":135.07832,"z":-90.440216},"screenPosition":{"x":0.6421047,"y":0.8496484},"deltaImage":"not-really-an-image.png"},{"modelPosition":{"x":-318.9299,"y":136.86996,"z":-90.0483},"screenPosition":{"x":0.60215724,"y":0.8366804},"deltaImage":"not-really-an-image.png"},{"modelPosition":{"x":-319.70264,"y":139.43999,"z":-89.74126},"screenPosition":{"x":0.53716224,"y":0.83535635},"deltaImage":"not-really-an-image.png"},{"modelPosition":{"x":-322.00998,"y":140.74734,"z":-90.02761},"screenPosition":{"x":0.49006808,"y":0.86415845},"deltaImage":"not-really-an-image.png"},{"modelPosition":null,"screenPosition":null,"deltaImage":null},{"modelPosition":{"x":-309.44217,"y":136.73108,"z":-87.8811},"screenPosition":{"x":0.6706855,"y":0.6887072},"deltaImage":"not-really-an-image.png"},{"modelPosition":{"x":-308.3754,"y":138.79544,"z":-87.24433},"screenPosition":{"x":0.6310691,"y":0.66137534},"deltaImage":"not-really-an-image.png"},{"modelPosition":{"x":-307.576,"y":140.28587,"z":-86.77785},"screenPosition":{"x":0.6020726,"y":0.641075},"deltaImage":"not-really-an-image.png"},{"modelPosition":{"x":-306.24463,"y":142.46672,"z":-86.0579},"screenPosition":{"x":0.56077075,"y":0.6088403},"deltaImage":"not-really-an-image.png"},{"modelPosition":{"x":-305.71344,"y":144.51128,"z":-85.548706},"screenPosition":{"x":0.51605535,"y":0.58983123},"deltaImage":"not-really-an-image.png"},{"modelPosition":{"x":-305.44885,"y":146.2076,"z":-85.166954},"screenPosition":{"x":0.47955242,"y":0.5768432},"deltaImage":"not-really-an-image.png"},{"modelPosition":{"x":-305.18573,"y":148.79947,"z":-84.616295},"screenPosition":{"x":0.4212712,"y":0.5591869},"deltaImage":"not-really-an-image.png"},{"modelPosition":{"x":-305.23196,"y":150.46103,"z":-84.312965},"screenPosition":{"x":0.38241097,"y":0.5512329},"deltaImage":"not-really-an-image.png"},{"modelPosition":{"x":-305.7205,"y":152.36632,"z":-84.065834},"screenPosition":{"x":0.3348145,"y":0.54893076},"deltaImage":"not-really-an-image.png"},{"modelPosition":{"x":-306.2514,"y":153.4659,"z":-83.98077},"screenPosition":{"x":0.30561027,"y":0.5514999},"deltaImage":"not-really-an-image.png"},{"modelPosition":{"x":-307.75085,"y":154.34586,"z":-84.161125},"screenPosition":{"x":0.27465725,"y":0.57038784},"deltaImage":"not-really-an-image.png"},{"modelPosition":{"x":-308.98148,"y":156.45453,"z":-84.04712},"screenPosition":{"x":0.21726234,"y":0.57863516},"deltaImage":"not-really-an-image.png"},{"modelPosition":{"x":-310.1642,"y":158.24321,"z":-83.98251},"screenPosition":{"x":0.1675132,"y":0.5878097},"deltaImage":"not-really-an-image.png"},{"modelPosition":{"x":-308.93433,"y":160.35292,"z":-83.29948},"screenPosition":{"x":0.12717251,"y":0.55753624},"deltaImage":"not-really-an-image.png"},{"modelPosition":null,"screenPosition":null,"deltaImage":null},{"modelPosition":{"x":-305.02283,"y":160.03337,"z":-82.455574},"screenPosition":{"x":0.16184911,"y":0.49796435},"deltaImage":"not-really-an-image.png"},{"modelPosition":{"x":-302.99356,"y":159.84764,"z":-82.02153},"screenPosition":{"x":0.18026869,"y":0.4672119},"deltaImage":"not-really-an-image.png"},{"modelPosition":{"x":-301.00208,"y":159.30771,"z":-81.66316},"screenPosition":{"x":0.206707,"y":0.4388025},"deltaImage":"not-really-an-image.png"},{"modelPosition":null,"screenPosition":null,"deltaImage":null},{"modelPosition":{"x":-297.66342,"y":157.1393,"z":-81.3011},"screenPosition":{"x":0.28027305,"y":0.39785534},"deltaImage":"not-really-an-image.png"},{"modelPosition":{"x":-296.89145,"y":154.46092,"z":-81.62881},"screenPosition":{"x":0.34777513,"y":0.3997579},"deltaImage":"not-really-an-image.png"},{"modelPosition":{"x":-297.99368,"y":152.05067,"z":-82.33914},"screenPosition":{"x":0.39598283,"y":0.42960978},"deltaImage":"not-really-an-image.png"},{"modelPosition":{"x":-300.75275,"y":151.4778,"z":-83.085266},"screenPosition":{"x":0.38954008,"y":0.4759839},"deltaImage":"not-really-an-image.png"},{"modelPosition":{"x":-302.79892,"y":152.57115,"z":-83.35169},"screenPosition":{"x":0.3503243,"y":0.50215304},"deltaImage":"not-really-an-image.png"},{"modelPosition":{"x":-303.3367,"y":155.23538,"z":-82.97252},"screenPosition":{"x":0.28488624,"y":0.49662396},"deltaImage":"not-really-an-image.png"},{"modelPosition":{"x":-303.20834,"y":157.19012,"z":-82.57342},"screenPosition":{"x":0.24044302,"y":0.484405},"deltaImage":"not-really-an-image.png"},{"modelPosition":{"x":-301.13132,"y":158.24586,"z":-81.893715},"screenPosition":{"x":0.23043436,"y":0.4463718},"deltaImage":"not-really-an-image.png"},{"modelPosition":{"x":-298.7807,"y":158.30965,"z":-81.33822},"screenPosition":{"x":0.24534038,"y":0.40923554},"deltaImage":"not-really-an-image.png"},{"modelPosition":{"x":-297.04547,"y":158.09135,"z":-80.97832},"screenPosition":{"x":0.26249877,"y":0.38320795},"deltaImage":"not-really-an-image.png"},{"modelPosition":{"x":-294.6337,"y":157.39256,"z":-80.5528},"screenPosition":{"x":0.29551816,"y":0.3490969},"deltaImage":"not-really-an-image.png"},{"modelPosition":{"x":-292.53015,"y":157.11017,"z":-80.11986},"screenPosition":{"x":0.3167304,"y":0.31763747},"deltaImage":"not-really-an-image.png"},{"modelPosition":null,"screenPosition":null,"deltaImage":null},{"modelPosition":{"x":-289.3603,"y":153.61078,"z":-80.13747},"screenPosition":{"x":0.4203917,"y":0.28664958},"deltaImage":"not-really-an-image.png"},{"modelPosition":{"x":-288.63986,"y":151.5984,"z":-80.76701},"screenPosition":{"x":0.47395954,"y":0.28758496},"deltaImage":"not-really-an-image.png"},{"modelPosition":{"x":-289.3005,"y":149.46223,"z":-81.53421},"screenPosition":{"x":0.51952124,"y":0.3101636},"deltaImage":"not-really-an-image.png"},{"modelPosition":{"x":-290.4062,"y":147.7535,"z":-82.187965},"screenPosition":{"x":0.55189043,"y":0.33661476},"deltaImage":"not-really-an-image.png"},{"modelPosition":{"x":-292.18237,"y":146.4651,"z":-82.746315},"screenPosition":{"x":0.56883734,"y":0.3707962},"deltaImage":"not-really-an-image.png"},{"modelPosition":{"x":-294.4123,"y":145.59555,"z":-83.194725},"screenPosition":{"x":0.57239074,"y":0.4092835},"deltaImage":"not-really-an-image.png"},{"modelPosition":{"x":-296.5665,"y":145.4051,"z":-83.408554},"screenPosition":{"x":0.560726,"y":0.44255406},"deltaImage":"not-really-an-image.png"},{"modelPosition":{"x":-298.72446,"y":146.19087,"z":-83.61551},"screenPosition":{"x":0.5263506,"y":0.47177088},"deltaImage":"not-really-an-image.png"},{"modelPosition":{"x":-300.74072,"y":148.10648,"z":-83.71963},"screenPosition":{"x":0.4674812,"y":0.49342158},"deltaImage":"not-really-an-image.png"},{"modelPosition":{"x":-301.63712,"y":149.95392,"z":-83.57771},"screenPosition":{"x":0.41899097,"y":0.49766287},"deltaImage":"not-really-an-image.png"},{"modelPosition":{"x":-301.15796,"y":152.9781,"z":-82.89542},"screenPosition":{"x":0.35242838,"y":0.4743014},"deltaImage":"not-really-an-image.png"},{"modelPosition":{"x":-301.69696,"y":154.97368,"z":-82.64288},"screenPosition":{"x":0.30238634,"y":0.4723177},"deltaImage":"not-really-an-image.png"},{"modelPosition":{"x":-297.56635,"y":155.61452,"z":-81.566826},"screenPosition":{"x":0.3162463,"y":0.4043568},"deltaImage":"not-really-an-image.png"},{"modelPosition":{"x":-295.38083,"y":155.59431,"z":-81.06538},"screenPosition":{"x":0.33147094,"y":0.37069273},"deltaImage":"not-really-an-image.png"},{"modelPosition":{"x":-293.10046,"y":155.61446,"z":-80.53438},"screenPosition":{"x":0.3474466,"y":0.3343784},"deltaImage":"not-really-an-image.png"},{"modelPosition":{"x":-290.84183,"y":153.70299,"z":-80.37344},"screenPosition":{"x":0.40752494,"y":0.30899844},"deltaImage":"not-really-an-image.png"},{"modelPosition":{"x":-289.79938,"y":151.68057,"z":-80.81974},"screenPosition":{"x":0.46307173,"y":0.30449092},"deltaImage":"not-really-an-image.png"},{"modelPosition":{"x":-289.8804,"y":149.71498,"z":-81.48911},"screenPosition":{"x":0.5092134,"y":0.31726095},"deltaImage":"not-really-an-image.png"},{"modelPosition":{"x":-290.80777,"y":147.87825,"z":-82.17371},"screenPosition":{"x":0.54604393,"y":0.34178647},"deltaImage":"not-really-an-image.png"},{"modelPosition":{"x":-292.63196,"y":146.88646,"z":-82.63523},"screenPosition":{"x":0.5555582,"y":0.37497187},"deltaImage":"not-really-an-image.png"},{"modelPosition":{"x":-294.9996,"y":146.05814,"z":-83.07928},"screenPosition":{"x":0.55705553,"y":0.41530776},"deltaImage":"not-really-an-image.png"},{"modelPosition":{"x":-297.29492,"y":146.60793,"z":-83.2062},"screenPosition":{"x":0.5271048,"y":0.44708893},"deltaImage":"not-really-an-image.png"},{"modelPosition":{"x":-298.73703,"y":148.89758,"z":-83.10688},"screenPosition":{"x":0.4631918,"y":0.45797148},"deltaImage":"not-really-an-image.png"},{"modelPosition":{"x":-298.97144,"y":151.38364,"z":-82.691246},"screenPosition":{"x":0.40465143,"y":0.448395},"deltaImage":"not-really-an-image.png"},{"modelPosition":{"x":-298.5362,"y":153.60403,"z":-82.17099},"screenPosition":{"x":0.35618576,"y":0.4299837},"deltaImage":"not-really-an-image.png"},{"modelPosition":{"x":-296.22458,"y":154.87518,"z":-81.39635},"screenPosition":{"x":0.3426352,"y":0.38730004},"deltaImage":"not-really-an-image.png"},{"modelPosition":{"x":-294.17255,"y":155.35434,"z":-80.83138},"screenPosition":{"x":0.34543732,"y":0.35305953},"deltaImage":"not-really-an-image.png"},{"modelPosition":{"x":-291.52933,"y":155.31123,"z":-80.228455},"screenPosition":{"x":0.36482203,"y":0.31199098},"deltaImage":"not-really-an-image.png"},{"modelPosition":null,"screenPosition":null,"deltaImage":null},{"modelPosition":null,"screenPosition":null,"deltaImage":null},{"modelPosition":{"x":-287.87408,"y":147.39,"z":-82.134964},"screenPosition":{"x":0.5802803,"y":0.3006483},"deltaImage":"not-really-an-image.png"},{"modelPosition":{"x":-285.93024,"y":147.48904,"z":-81.9666},"screenPosition":{"x":0.59288216,"y":0.2709257},"deltaImage":"not-really-an-image.png"},{"modelPosition":{"x":-283.90695,"y":147.20876,"z":-81.920815},"screenPosition":{"x":0.61485684,"y":0.2424176},"deltaImage":"not-really-an-image.png"},{"modelPosition":{"x":-281.79733,"y":149.29027,"z":-81.071495},"screenPosition":{"x":0.58158034,"y":0.19856359},"deltaImage":"not-really-an-image.png"},{"modelPosition":null,"screenPosition":null,"deltaImage":null},{"modelPosition":{"x":-283.1041,"y":152.67815,"z":-80.018166},"screenPosition":{"x":0.49081168,"y":0.19828707},"deltaImage":"not-really-an-image.png"},{"modelPosition":{"x":-284.0269,"y":154.68375,"z":-79.40497},"screenPosition":{"x":0.4357604,"y":0.20052572},"deltaImage":"not-really-an-image.png"},{"modelPosition":{"x":-285.4884,"y":156.22954,"z":-78.98442},"screenPosition":{"x":0.3877086,"y":0.21332288},"deltaImage":"not-really-an-image.png"},{"modelPosition":{"x":-287.46042,"y":157.48973,"z":-78.87606},"screenPosition":{"x":0.3432662,"y":0.23627977},"deltaImage":"not-really-an-image.png"},{"modelPosition":null,"screenPosition":null,"deltaImage":null},{"modelPosition":{"x":-292.3626,"y":158.53445,"z":-79.81195},"screenPosition":{"x":0.284864,"y":0.30757532},"deltaImage":"not-really-an-image.png"},{"modelPosition":{"x":-293.96014,"y":156.91191,"z":-80.48792},"screenPosition":{"x":0.31091914,"y":0.34157175},"deltaImage":"not-really-an-image.png"},{"modelPosition":{"x":-296.05475,"y":156.29959,"z":-81.08789},"screenPosition":{"x":0.310667,"y":0.3773456},"deltaImage":"not-really-an-image.png"},{"modelPosition":{"x":-296.4916,"y":154.75429,"z":-81.48093},"screenPosition":{"x":0.34366968,"y":0.39203557},"deltaImage":"not-really-an-image.png"},{"modelPosition":{"x":-297.6388,"y":152.43619,"z":-82.184235},"screenPosition":{"x":0.38952804,"y":0.42203298},"deltaImage":"not-really-an-image.png"},{"modelPosition":{"x":-296.46527,"y":150.26112,"z":-82.32399},"screenPosition":{"x":0.44783413,"y":0.41517627},"deltaImage":"not-really-an-image.png"},{"modelPosition":null,"screenPosition":null,"deltaImage":null},{"modelPosition":{"x":-291.0398,"y":149.58116,"z":-81.61478},"screenPosition":{"x":0.50362056,"y":0.33533368},"deltaImage":"not-really-an-image.png"},{"modelPosition":{"x":-289.83905,"y":150.4833,"z":-81.22679},"screenPosition":{"x":0.4913371,"y":0.3120684},"deltaImage":"not-really-an-image.png"},{"modelPosition":{"x":-287.79294,"y":150.8328,"z":-80.96676},"screenPosition":{"x":0.4986636,"y":0.2794179},"deltaImage":"not-really-an-image.png"},{"modelPosition":{"x":-285.84296,"y":151.56404,"z":-80.58448},"screenPosition":{"x":0.49631193,"y":0.24585},"deltaImage":"not-really-an-image.png"},{"modelPosition":{"x":-283.1974,"y":150.5108,"z":-80.75652},"screenPosition":{"x":0.541694,"y":0.21242724},"deltaImage":"not-really-an-image.png"},{"modelPosition":{"x":-281.66782,"y":148.82666,"z":-81.21906},"screenPosition":{"x":0.5933867,"y":0.19952108},"deltaImage":"not-really-an-image.png"},{"modelPosition":{"x":-281.24063,"y":146.5151,"z":-81.96998},"screenPosition":{"x":0.652227,"y":0.20629276},"deltaImage":"not-really-an-image.png"},{"modelPosition":{"x":-282.9496,"y":144.52797,"z":-82.75961},"screenPosition":{"x":0.68648934,"y":0.24350567},"deltaImage":"not-really-an-image.png"},{"modelPosition":{"x":-284.78903,"y":142.99979,"z":-83.40333},"screenPosition":{"x":0.7087954,"y":0.27999792},"deltaImage":"not-really-an-image.png"},{"modelPosition":{"x":-286.85046,"y":142.09471,"z":-83.85204},"screenPosition":{"x":0.71452296,"y":0.3161849},"deltaImage":"not-really-an-image.png"},{"modelPosition":{"x":-289.23135,"y":142.60938,"z":-83.8435},"screenPosition":{"x":0.68391174,"y":0.34888074},"deltaImage":"not-really-an-image.png"},{"modelPosition":{"x":-291.44852,"y":143.0029,"z":-83.86451},"screenPosition":{"x":0.6574516,"y":0.3798288},"deltaImage":"not-really-an-image.png"},{"modelPosition":{"x":-294.3919,"y":143.26337,"z":-83.98085},"screenPosition":{"x":0.62847835,"y":0.42247105},"deltaImage":"not-really-an-image.png"},{"modelPosition":null,"screenPosition":null,"deltaImage":null},{"modelPosition":null,"screenPosition":null,"deltaImage":null},{"modelPosition":{"x":-299.2166,"y":146.30873,"z":-83.707016},"screenPosition":{"x":0.5206489,"y":0.47873867},"deltaImage":"not-really-an-image.png"},{"modelPosition":null,"screenPosition":null,"deltaImage":null},{"modelPosition":null,"screenPosition":null,"deltaImage":null},{"modelPosition":{"x":-303.636,"y":150.0615,"z":-84.01951},"screenPosition":{"x":0.40280247,"y":0.52833194},"deltaImage":"not-really-an-image.png"},{"modelPosition":{"x":-305.3227,"y":152.43486,"z":-83.960915},"screenPosition":{"x":0.3359373,"y":0.54235524},"deltaImage":"not-really-an-image.png"},{"modelPosition":null,"screenPosition":null,"deltaImage":null},{"modelPosition":{"x":-310.08545,"y":152.0603,"z":-85.1328},"screenPosition":{"x":0.311486,"y":0.61886984},"deltaImage":"not-really-an-image.png"},{"modelPosition":{"x":-311.3205,"y":149.93912,"z":-85.81921},"screenPosition":{"x":0.35207552,"y":0.6492851},"deltaImage":"not-really-an-image.png"},{"modelPosition":{"x":-310.9735,"y":147.41475,"z":-86.21606},"screenPosition":{"x":0.41276184,"y":0.6569707},"deltaImage":"not-really-an-image.png"},{"modelPosition":{"x":-309.69772,"y":145.41368,"z":-86.29928},"screenPosition":{"x":0.46777058,"y":0.64741284},"deltaImage":"not-really-an-image.png"},{"modelPosition":{"x":-307.04395,"y":144.58748,"z":-85.8419},"screenPosition":{"x":0.5060103,"y":0.61027896},"deltaImage":"not-really-an-image.png"},{"modelPosition":{"x":-304.47205,"y":145.97255,"z":-84.98554},"screenPosition":{"x":0.49181286,"y":0.5627772},"deltaImage":"not-really-an-image.png"},{"modelPosition":{"x":-303.63147,"y":147.81566,"z":-84.442894},"screenPosition":{"x":0.45492342,"y":0.5399905},"deltaImage":"not-really-an-image.png"},{"modelPosition":{"x":-303.37006,"y":150.18176,"z":-83.935295},"screenPosition":{"x":0.40184665,"y":0.52354395},"deltaImage":"not-really-an-image.png"},{"modelPosition":{"x":-303.28635,"y":152.46237,"z":-83.48493},"screenPosition":{"x":0.34927103,"y":0.51040196},"deltaImage":"not-really-an-image.png"},{"modelPosition":{"x":-304.26425,"y":154.47935,"z":-83.329834},"screenPosition":{"x":0.29595578,"y":0.51509494},"deltaImage":"not-really-an-image.png"},{"modelPosition":{"x":-306.3852,"y":155.96854,"z":-83.538734},"screenPosition":{"x":0.24663198,"y":0.5405239},"deltaImage":"not-really-an-image.png"},{"modelPosition":{"x":-309.11444,"y":155.17226,"z":-84.3202},"screenPosition":{"x":0.24599533,"y":0.5874122},"deltaImage":"not-really-an-image.png"},{"modelPosition":{"x":-310.65533,"y":153.02623,"z":-85.082},"screenPosition":{"x":0.28508708,"y":0.62274253},"deltaImage":"not-really-an-image.png"},{"modelPosition":null,"screenPosition":null,"deltaImage":null},{"modelPosition":{"x":-308.14926,"y":149.14056,"z":-85.23697},"screenPosition":{"x":0.3927022,"y":0.6038048},"deltaImage":"not-really-an-image.png"},{"modelPosition":{"x":-307.04446,"y":147.28578,"z":-85.33208},"screenPosition":{"x":0.44300744,"y":0.5961795},"deltaImage":"not-really-an-image.png"},{"modelPosition":{"x":-305.62555,"y":145.45235,"z":-85.35053},"screenPosition":{"x":0.49514344,"y":0.58355504},"deltaImage":"not-really-an-image.png"},{"modelPosition":{"x":-303.2685,"y":144.37123,"z":-85.009926},"screenPosition":{"x":0.53671974,"y":0.5523421},"deltaImage":"not-really-an-image.png"},{"modelPosition":{"x":-301.04788,"y":146.72684,"z":-84.05137},"screenPosition":{"x":0.49815178,"y":0.5052337},"deltaImage":"not-really-an-image.png"},{"modelPosition":{"x":-300.11517,"y":147.71173,"z":-83.649605},"screenPosition":{"x":0.48114938,"y":0.48565954},"deltaImage":"not-really-an-image.png"},{"modelPosition":{"x":-284.3463,"y":146.99452,"z":-82.02365},"screenPosition":{"x":0.61604416,"y":0.2506002},"deltaImage":"not-really-an-image.png"},{"modelPosition":{"x":-285.9739,"y":146.30637,"z":-82.368996},"screenPosition":{"x":0.62076813,"y":0.2784784},"deltaImage":"not-really-an-image.png"},{"modelPosition":{"x":-287.55948,"y":144.90039,"z":-82.95383},"screenPosition":{"x":0.64211226,"y":0.31045187},"deltaImage":"not-really-an-image.png"},{"modelPosition":{"x":-289.19434,"y":144.63066,"z":-83.15838},"screenPosition":{"x":0.6359625,"y":0.3365369},"deltaImage":"not-really-an-image.png"},{"modelPosition":{"x":-291.4996,"y":144.14174,"z":-83.48348},"screenPosition":{"x":0.629882,"y":0.37395257},"deltaImage":"not-really-an-image.png"},{"modelPosition":{"x":-293.63617,"y":143.73752,"z":-83.76828},"screenPosition":{"x":0.62246114,"y":0.4085524},"deltaImage":"not-really-an-image.png"},{"modelPosition":{"x":-295.46744,"y":143.37778,"z":-84.01687},"screenPosition":{"x":0.6169925,"y":0.43806165},"deltaImage":"not-really-an-image.png"},{"modelPosition":{"x":-297.35553,"y":143.52562,"z":-84.09799},"screenPosition":{"x":0.5995018,"y":0.46534666},"deltaImage":"not-really-an-image.png"},{"modelPosition":null,"screenPosition":null,"deltaImage":null},{"modelPosition":{"x":-301.62112,"y":144.77379,"z":-84.55299},"screenPosition":{"x":0.53948957,"y":0.5244021},"deltaImage":"not-really-an-image.png"},{"modelPosition":{"x":-304.0253,"y":144.59503,"z":-85.14259},"screenPosition":{"x":0.5268768,"y":0.5629772},"deltaImage":"not-really-an-image.png"},{"modelPosition":{"x":-305.97772,"y":141.90895,"z":-86.10161},"screenPosition":{"x":0.574706,"y":0.6075318},"deltaImage":"not-really-an-image.png"},{"modelPosition":{"x":-306.73203,"y":139.8732,"z":-86.66073},"screenPosition":{"x":0.61657304,"y":0.62993187},"deltaImage":"not-really-an-image.png"},{"modelPosition":{"x":-306.73138,"y":138.06056,"z":-87.00314},"screenPosition":{"x":0.6595735,"y":0.63947386},"deltaImage":"not-really-an-image.png"},{"modelPosition":{"x":-306.01788,"y":136.10901,"z":-87.20701},"screenPosition":{"x":0.7098107,"y":0.63849545},"deltaImage":"not-really-an-image.png"},{"modelPosition":{"x":-305.25168,"y":134.14192,"z":-87.814766},"screenPosition":{"x":0.7626356,"y":0.63846636},"deltaImage":"not-really-an-image.png"},{"modelPosition":{"x":-304.84357,"y":131.80225,"z":-88.5765},"screenPosition":{"x":0.82160914,"y":0.6459934},"deltaImage":"not-really-an-image.png"},{"modelPosition":{"x":-305.78717,"y":129.23169,"z":-89.510025},"screenPosition":{"x":0.87568605,"y":0.6751339},"deltaImage":"not-really-an-image.png"},{"modelPosition":{"x":-307.3861,"y":127.81402,"z":-90.09973},"screenPosition":{"x":0.8972063,"y":0.7073758},"deltaImage":"not-really-an-image.png"},{"modelPosition":{"x":-310.6927,"y":127.34627,"z":-90.48718},"screenPosition":{"x":0.8829119,"y":0.75968075},"deltaImage":"not-really-an-image.png"},{"modelPosition":{"x":-311.93954,"y":130.15991,"z":-89.700325},"screenPosition":{"x":0.8065158,"y":0.7622797},"deltaImage":"not-really-an-image.png"},{"modelPosition":{"x":-311.13467,"y":132.79514,"z":-89.01623},"screenPosition":{"x":0.74904364,"y":0.73545635},"deltaImage":"not-really-an-image.png"},{"modelPosition":{"x":-309.44464,"y":134.4607,"z":-88.310745},"screenPosition":{"x":0.724155,"y":0.7007557},"deltaImage":"not-really-an-image.png"},{"modelPosition":{"x":-308.06577,"y":135.64629,"z":-87.7679},"screenPosition":{"x":0.7062681,"y":0.67297506},"deltaImage":"not-really-an-image.png"},{"modelPosition":{"x":-306.24182,"y":137.93982,"z":-86.91278},"screenPosition":{"x":0.6653658,"y":0.6324036},"deltaImage":"not-really-an-image.png"},{"modelPosition":null,"screenPosition":null,"deltaImage":null},{"modelPosition":{"x":-310.45578,"y":140.68419,"z":-87.368355},"screenPosition":{"x":0.5727603,"y":0.68408304},"deltaImage":"not-really-an-image.png"},{"modelPosition":{"x":-312.66605,"y":140.13992,"z":-87.98219},"screenPosition":{"x":0.5691101,"y":0.7212767},"deltaImage":"not-really-an-image.png"},{"modelPosition":{"x":-313.95358,"y":137.64459,"z":-88.75145},"screenPosition":{"x":0.61887836,"y":0.75472224},"deltaImage":"not-really-an-image.png"},{"modelPosition":null,"screenPosition":null,"deltaImage":null},{"modelPosition":{"x":-311.08868,"y":133.61092,"z":-88.851425},"screenPosition":{"x":0.73075444,"y":0.73055017},"deltaImage":"not-really-an-image.png"},{"modelPosition":{"x":-309.0522,"y":131.11455,"z":-89.10084},"screenPosition":{"x":0.80561894,"y":0.71310586},"deltaImage":"not-really-an-image.png"},{"modelPosition":{"x":-306.41513,"y":131.1368,"z":-88.91029},"screenPosition":{"x":0.8253898,"y":0.67343765},"deltaImage":"not-really-an-image.png"},{"modelPosition":{"x":-303.415,"y":132.71413,"z":-88.16942},"screenPosition":{"x":0.8108469,"y":0.6192558},"deltaImage":"not-really-an-image.png"},{"modelPosition":{"x":-302.2703,"y":134.33098,"z":-87.54398},"screenPosition":{"x":0.7802999,"y":0.5926527},"deltaImage":"not-really-an-image.png"},{"modelPosition":{"x":-300.35428,"y":135.58633,"z":-86.98708},"screenPosition":{"x":0.7658711,"y":0.55661297},"deltaImage":"not-really-an-image.png"},{"modelPosition":null,"screenPosition":null,"deltaImage":null},{"modelPosition":{"x":-301.16354,"y":141.35443,"z":-85.09547},"screenPosition":{"x":0.62199587,"y":0.53510517},"deltaImage":"not-really-an-image.png"},{"modelPosition":{"x":-303.48682,"y":142.3505,"z":-85.44229},"screenPosition":{"x":0.581995,"y":0.56629455},"deltaImage":"not-really-an-image.png"},{"modelPosition":null,"screenPosition":null,"deltaImage":null},{"modelPosition":{"x":-307.30975,"y":143.79184,"z":-86.05373},"screenPosition":{"x":0.5217756,"y":0.6185276},"deltaImage":"not-really-an-image.png"},{"modelPosition":{"x":-308.81445,"y":144.9138,"z":-86.18955},"screenPosition":{"x":0.4861002,"y":0.636295},"deltaImage":"not-really-an-image.png"},{"modelPosition":{"x":-310.27075,"y":145.9402,"z":-86.33226},"screenPosition":{"x":0.45214278,"y":0.65373516},"deltaImage":"not-really-an-image.png"},{"modelPosition":{"x":-312.25052,"y":147.17242,"z":-86.557076},"screenPosition":{"x":0.40953237,"y":0.6782254},"deltaImage":"not-really-an-image.png"},{"modelPosition":{"x":-313.16913,"y":148.65489,"z":-86.48929},"screenPosition":{"x":0.36850858,"y":0.68475974},"deltaImage":"not-really-an-image.png"},{"modelPosition":{"x":-314.17065,"y":150.76212,"z":-86.322586},"screenPosition":{"x":0.3127747,"y":0.6894388},"deltaImage":"not-really-an-image.png"},{"modelPosition":{"x":-313.32935,"y":153.47711,"z":-85.61499},"screenPosition":{"x":0.25601286,"y":0.66225886},"deltaImage":"not-really-an-image.png"},{"modelPosition":{"x":-310.34772,"y":153.05472,"z":-85.0055},"screenPosition":{"x":0.28656086,"y":0.6177766},"deltaImage":"not-really-an-image.png"},{"modelPosition":{"x":-309.9115,"y":150.57793,"z":-85.372734},"screenPosition":{"x":0.34708023,"y":0.62388855},"deltaImage":"not-really-an-image.png"},{"modelPosition":{"x":-310.84064,"y":147.81052,"z":-86.11054},"screenPosition":{"x":0.40479073,"y":0.6528893},"deltaImage":"not-really-an-image.png"},{"modelPosition":{"x":-312.9993,"y":146.72174,"z":-86.81536},"screenPosition":{"x":0.41443866,"y":0.69218045},"deltaImage":"not-really-an-image.png"},{"modelPosition":{"x":-315.06342,"y":146.56929,"z":-87.32138},"screenPosition":{"x":0.40403053,"y":0.7254338},"deltaImage":"not-really-an-image.png"},{"modelPosition":{"x":-317.20596,"y":147.27069,"z":-87.68415},"screenPosition":{"x":0.37284306,"y":0.75530666},"deltaImage":"not-really-an-image.png"},{"modelPosition":{"x":-319.2597,"y":147.11804,"z":-88.187805},"screenPosition":{"x":0.36167458,"y":0.7879365},"deltaImage":"not-really-an-image.png"},{"modelPosition":{"x":-320.90527,"y":148.59096,"z":-88.28988},"screenPosition":{"x":0.31627718,"y":0.8061287},"deltaImage":"not-really-an-image.png"},{"modelPosition":{"x":-323.07318,"y":149.15514,"z":-88.68445},"screenPosition":{"x":0.28797385,"y":0.8368984},"deltaImage":"not-really-an-image.png"},{"modelPosition":{"x":-324.53076,"y":150.9202,"z":-88.68785},"screenPosition":{"x":0.23696285,"y":0.8504523},"deltaImage":"not-really-an-image.png"},{"modelPosition":{"x":-325.98523,"y":152.45807,"z":-88.733475},"screenPosition":{"x":0.19142963,"y":0.86573064},"deltaImage":"not-really-an-image.png"},{"modelPosition":{"x":-326.4828,"y":154.4261,"z":-88.47657},"screenPosition":{"x":0.14229424,"y":0.86310124},"deltaImage":"not-really-an-image.png"},{"modelPosition":{"x":-325.89255,"y":157.4332,"z":-87.77181},"screenPosition":{"x":0.076724894,"y":0.83785945},"deltaImage":"not-really-an-image.png"},{"modelPosition":{"x":-316.46222,"y":147.27374,"z":-87.511635},"screenPosition":{"x":0.378055,"y":0.7437083},"deltaImage":"not-really-an-image.png"},{"modelPosition":{"x":-314.58304,"y":146.005,"z":-87.31696},"screenPosition":{"x":0.420037,"y":0.72068006},"deltaImage":"not-really-an-image.png"},{"modelPosition":{"x":-314.10855,"y":143.6459,"z":-87.6531},"screenPosition":{"x":0.4780847,"y":0.72560954},"deltaImage":"not-really-an-image.png"},{"modelPosition":{"x":-314.69107,"y":140.80234,"z":-88.32517},"screenPosition":{"x":0.53953904,"y":0.7494152},"deltaImage":"not-really-an-image.png"},{"modelPosition":{"x":-316.28058,"y":139.41182,"z":-88.95544},"screenPosition":{"x":0.56087714,"y":0.78158545},"deltaImage":"not-really-an-image.png"},{"modelPosition":null,"screenPosition":null,"deltaImage":null},{"modelPosition":{"x":-320.8569,"y":137.12549,"z":-90.44552},"screenPosition":{"x":0.58279824,"y":0.8655166},"deltaImage":"not-really-an-image.png"},{"modelPosition":{"x":-323.43173,"y":137.64587,"z":-90.942444},"screenPosition":{"x":0.55278057,"y":0.90311193},"deltaImage":"not-really-an-image.png"},{"modelPosition":{"x":-325.8226,"y":138.24335,"z":-91.38227},"screenPosition":{"x":0.5222572,"y":0.93742484},"deltaImage":"not-really-an-image.png"},{"modelPosition":{"x":-326.97037,"y":140.7328,"z":-91.17715},"screenPosition":{"x":0.45651639,"y":0.94239306},"deltaImage":"not-really-an-image.png"},{"modelPosition":{"x":-327.68585,"y":142.74107,"z":-90.96302},"screenPosition":{"x":0.40494996,"y":0.9431062},"deltaImage":"not-really-an-image.png"},{"modelPosition":{"x":-327.7438,"y":145.37285,"z":-90.47905},"screenPosition":{"x":0.34350502,"y":0.9302685},"deltaImage":"not-really-an-image.png"},{"modelPosition":{"x":-326.6377,"y":147.75432,"z":-89.77326},"screenPosition":{"x":0.2959796,"y":0.90051246},"deltaImage":"not-really-an-image.png"},{"modelPosition":{"x":-324.50253,"y":149.27817,"z":-88.99165},"screenPosition":{"x":0.2753882,"y":0.8589178},"deltaImage":"not-really-an-image.png"},{"modelPosition":{"x":-322.63397,"y":149.7972,"z":-88.46157},"screenPosition":{"x":0.27619493,"y":0.82672805},"deltaImage":"not-really-an-image.png"},{"modelPosition":{"x":-320.55447,"y":148.97206,"z":-88.13675},"screenPosition":{"x":0.31013912,"y":0.7989092},"deltaImage":"not-really-an-image.png"},{"modelPosition":{"x":-318.8194,"y":147.76244,"z":-87.964226},"screenPosition":{"x":0.35028952,"y":0.7780613},"deltaImage":"not-really-an-image.png"},{"modelPosition":{"x":-317.296,"y":146.78442,"z":-87.79686},"screenPosition":{"x":0.3831368,"y":0.7590354},"deltaImage":"not-really-an-image.png"},{"modelPosition":{"x":-314.58047,"y":146.67633,"z":-87.18949},"screenPosition":{"x":0.405028,"y":0.71736634},"deltaImage":"not-really-an-image.png"},{"modelPosition":{"x":-312.90598,"y":148.55101,"z":-86.448074},"screenPosition":{"x":0.37315273,"y":0.68133426},"deltaImage":"not-really-an-image.png"},{"modelPosition":{"x":-314.8689,"y":151.334,"z":-86.37594},"screenPosition":{"x":0.29461128,"y":0.69733536},"deltaImage":"not-really-an-image.png"},{"modelPosition":{"x":-317.09973,"y":150.87502,"z":-86.978424},"screenPosition":{"x":0.29008368,"y":0.7348809},"deltaImage":"not-really-an-image.png"},{"modelPosition":{"x":-318.6323,"y":149.84567,"z":-87.52727},"screenPosition":{"x":0.30327535,"y":0.7642516},"deltaImage":"not-really-an-image.png"},{"modelPosition":{"x":-319.4175,"y":149.71051,"z":-87.734344},"screenPosition":{"x":0.30076402,"y":0.7770844},"deltaImage":"not-really-an-image.png"},{"modelPosition":{"x":-321.7148,"y":150.76819,"z":-88.06557},"screenPosition":{"x":0.26029208,"y":0.8075563},"deltaImage":"not-really-an-image.png"},{"modelPosition":{"x":-324.28406,"y":149.48804,"z":-88.90148},"screenPosition":{"x":0.2717972,"y":0.8540119},"deltaImage":"not-really-an-image.png"},{"modelPosition":{"x":-324.61612,"y":146.35104,"z":-89.5711},"screenPosition":{"x":0.34261855,"y":0.8761902},"deltaImage":"not-really-an-image.png"},{"modelPosition":{"x":-322.0249,"y":144.41866,"z":-89.337234},"screenPosition":{"x":0.40550026,"y":0.84571314},"deltaImage":"not-really-an-image.png"},{"modelPosition":{"x":-319.74756,"y":145.89584,"z":-88.53156},"screenPosition":{"x":0.3871129,"y":0.80234206},"deltaImage":"not-really-an-image.png"},{"modelPosition":null,"screenPosition":null,"deltaImage":null},{"modelPosition":{"x":-319.75812,"y":150.88469,"z":-87.59118},"screenPosition":{"x":0.27101982,"y":0.77610254},"deltaImage":"not-really-an-image.png"},{"modelPosition":{"x":-322.53067,"y":151.83179,"z":-88.05318},"screenPosition":{"x":0.22976397,"y":0.8144283},"deltaImage":"not-really-an-image.png"},{"modelPosition":{"x":-324.48627,"y":151.05069,"z":-88.65291},"screenPosition":{"x":0.23429626,"y":0.8491658},"deltaImage":"not-really-an-image.png"},{"modelPosition":null,"screenPosition":null,"deltaImage":null},{"modelPosition":{"x":-328.46063,"y":150.77873,"z":-89.62312},"screenPosition":{"x":0.21312499,"y":0.9132577},"deltaImage":"not-really-an-image.png"},{"modelPosition":{"x":-329.7827,"y":148.1963,"z":-90.416824},"screenPosition":{"x":0.26380548,"y":0.94744503},"deltaImage":"not-really-an-image.png"},{"modelPosition":{"x":-329.08112,"y":145.53867,"z":-90.75688},"screenPosition":{"x":0.33033705,"y":0.95034057},"deltaImage":"not-really-an-image.png"},{"modelPosition":{"x":-328.06387,"y":143.78873,"z":-90.852425},"screenPosition":{"x":0.37801555,"y":0.9435535},"deltaImage":"not-really-an-image.png"},{"modelPosition":{"x":-326.12964,"y":142.33636,"z":-90.679726},"screenPosition":{"x":0.4251843,"y":0.9208547},"deltaImage":"not-really-an-image.png"},{"modelPosition":{"x":-324.1392,"y":141.45758,"z":-90.38564},"screenPosition":{"x":0.45944116,"y":0.894281},"deltaImage":"not-really-an-image.png"},{"modelPosition":{"x":-321.70084,"y":141.22205,"z":-89.86643},"screenPosition":{"x":0.4819007,"y":0.8573344},"deltaImage":"not-really-an-image.png"},{"modelPosition":{"x":-319.42615,"y":141.57959,"z":-89.27297},"screenPosition":{"x":0.48946375,"y":0.81985265},"deltaImage":"not-really-an-image.png"},{"modelPosition":{"x":-317.53638,"y":142.76898,"z":-88.611305},"screenPosition":{"x":0.47505018,"y":0.7840533},"deltaImage":"not-really-an-image.png"},{"modelPosition":{"x":-315.95624,"y":143.03531,"z":-88.19566},"screenPosition":{"x":0.47988752,"y":0.7579226},"deltaImage":"not-really-an-image.png"},{"modelPosition":{"x":-314.02203,"y":143.23662,"z":-87.71046},"screenPosition":{"x":0.4877166,"y":0.7262262},"deltaImage":"not-really-an-image.png"},{"modelPosition":{"x":-312.306,"y":142.7766,"z":-87.400665},"screenPosition":{"x":0.511332,"y":0.7021233},"deltaImage":"not-really-an-image.png"},{"modelPosition":{"x":-310.4077,"y":143.07072,"z":-86.90621},"screenPosition":{"x":0.5177422,"y":0.6708661},"deltaImage":"not-really-an-image.png"},{"modelPosition":null,"screenPosition":null,"deltaImage":null},{"modelPosition":{"x":-306.02222,"y":142.00194,"z":-86.09432},"screenPosition":{"x":0.5723886,"y":0.60774976},"deltaImage":"not-really-an-image.png"},{"modelPosition":{"x":-303.62054,"y":142.40355,"z":-85.46319},"screenPosition":{"x":0.57998,"y":0.5681041},"deltaImage":"not-really-an-image.png"},{"modelPosition":{"x":-302.41397,"y":141.24611,"z":-85.40298},"screenPosition":{"x":0.61578315,"y":0.55524004},"deltaImage":"not-really-an-image.png"},{"modelPosition":null,"screenPosition":null,"deltaImage":null},{"modelPosition":{"x":-298.49008,"y":140.62953,"z":-85.15469},"screenPosition":{"x":0.65980995,"y":0.49925855},"deltaImage":"not-really-an-image.png"},{"modelPosition":{"x":-296.51346,"y":140.53168,"z":-85.050545},"screenPosition":{"x":0.677429,"y":0.4701828},"deltaImage":"not-really-an-image.png"},{"modelPosition":{"x":-294.18497,"y":139.9771,"z":-85.076195},"screenPosition":{"x":0.70858955,"y":0.43850496},"deltaImage":"not-really-an-image.png"},{"modelPosition":{"x":-292.04865,"y":139.54872,"z":-85.07258},"screenPosition":{"x":0.73491144,"y":0.40906867},"deltaImage":"not-really-an-image.png"},{"modelPosition":{"x":-289.74448,"y":138.37462,"z":-85.30912},"screenPosition":{"x":0.7810155,"y":0.38127312},"deltaImage":"not-really-an-image.png"},{"modelPosition":{"x":-287.41614,"y":138.78876,"z":-85.00767},"screenPosition":{"x":0.78905815,"y":0.34394792},"deltaImage":"not-really-an-image.png"},{"modelPosition":null,"screenPosition":null,"deltaImage":null},{"modelPosition":null,"screenPosition":null,"deltaImage":null},{"modelPosition":{"x":-296.94684,"y":143.19083,"z":-84.18268},"screenPosition":{"x":0.6103576,"y":0.4612388},"deltaImage":"not-really-an-image.png"},{"modelPosition":{"x":-298.28125,"y":141.9022,"z":-84.71044},"screenPosition":{"x":0.6311145,"y":0.48869437},"deltaImage":"not-really-an-image.png"},{"modelPosition":null,"screenPosition":null,"deltaImage":null},{"modelPosition":{"x":-300.79123,"y":140.6809,"z":-85.29707},"screenPosition":{"x":0.64038354,"y":0.5335026},"deltaImage":"not-really-an-image.png"},{"modelPosition":{"x":-303.12604,"y":140.47261,"z":-85.71378},"screenPosition":{"x":0.62871253,"y":0.5704296},"deltaImage":"not-really-an-image.png"},{"modelPosition":{"x":-305.3508,"y":137.65814,"z":-86.76002},"screenPosition":{"x":0.67758024,"y":0.619901},"deltaImage":"not-really-an-image.png"},{"modelPosition":{"x":-305.73938,"y":135.8172,"z":-87.2829},"screenPosition":{"x":0.7186148,"y":0.6359834},"deltaImage":"not-really-an-image.png"},{"modelPosition":{"x":-305.05554,"y":133.38991,"z":-88.05509},"screenPosition":{"x":0.7809479,"y":0.6398179},"deltaImage":"not-really-an-image.png"},{"modelPosition":null,"screenPosition":null,"deltaImage":null},{"modelPosition":{"x":-304.84988,"y":129.79785,"z":-89.253784},"screenPosition":{"x":0.8693915,"y":0.65777844},"deltaImage":"not-really-an-image.png"},{"modelPosition":{"x":-307.40903,"y":128.85512,"z":-89.74976},"screenPosition":{"x":0.87218606,"y":0.70164746},"deltaImage":"not-really-an-image.png"},{"modelPosition":{"x":-309.57507,"y":128.21228,"z":-90.11718},"screenPosition":{"x":0.8708503,"y":0.73787326},"deltaImage":"not-really-an-image.png"},{"modelPosition":null,"screenPosition":null,"deltaImage":null},{"modelPosition":null,"screenPosition":null,"deltaImage":null},{"modelPosition":{"x":-314.63504,"y":132.47643,"z":-89.885704},"screenPosition":{"x":0.7339977,"y":0.7923839},"deltaImage":"not-really-an-image.png"},{"modelPosition":{"x":-315.77396,"y":134.68187,"z":-89.73221},"screenPosition":{"x":0.6749062,"y":0.7986967},"deltaImage":"not-really-an-image.png"},{"modelPosition":null,"screenPosition":null,"deltaImage":null},{"modelPosition":{"x":-315.53094,"y":139.86198,"z":-88.69706},"screenPosition":{"x":0.5564536,"y":0.76783764},"deltaImage":"not-really-an-image.png"},{"modelPosition":{"x":-313.54507,"y":141.09415,"z":-88.00508},"screenPosition":{"x":0.54171777,"y":0.73030996},"deltaImage":"not-really-an-image.png"},{"modelPosition":{"x":-311.3824,"y":141.50621,"z":-87.42722},"screenPosition":{"x":0.5472353,"y":0.69429743},"deltaImage":"not-really-an-image.png"},{"modelPosition":{"x":-309.03806,"y":141.99892,"z":-86.79212},"screenPosition":{"x":0.5521489,"y":0.6550197},"deltaImage":"not-really-an-image.png"},{"modelPosition":{"x":-306.68832,"y":141.81526,"z":-86.2836},"screenPosition":{"x":0.5720456,"y":0.6191342},"deltaImage":"not-really-an-image.png"},{"modelPosition":{"x":-304.99933,"y":141.67044,"z":-85.920494},"screenPosition":{"x":0.5879196,"y":0.593502},"deltaImage":"not-really-an-image.png"},{"modelPosition":{"x":-302.76944,"y":140.63269,"z":-85.60109},"screenPosition":{"x":0.626786,"y":0.5640376},"deltaImage":"not-really-an-image.png"},{"modelPosition":null,"screenPosition":null,"deltaImage":null},{"modelPosition":{"x":-299.29822,"y":140.44856,"z":-85.2719},"screenPosition":{"x":0.65740204,"y":0.5124939},"deltaImage":"not-really-an-image.png"},{"modelPosition":{"x":-297.54782,"y":140.76994,"z":-85.041885},"screenPosition":{"x":0.6637802,"y":0.48430195},"deltaImage":"not-really-an-image.png"},{"modelPosition":{"x":-294.642,"y":141.23308,"z":-84.6838},"screenPosition":{"x":0.6746025,"y":0.43815842},"deltaImage":"not-really-an-image.png"},{"modelPosition":{"x":-291.65292,"y":140.05771,"z":-84.87324},"screenPosition":{"x":0.72615933,"y":0.40007114},"deltaImage":"not-really-an-image.png"},{"modelPosition":{"x":-292.20062,"y":135.70631,"z":-86.38064},"screenPosition":{"x":0.8257806,"y":0.43366185},"deltaImage":"not-really-an-image.png"},{"modelPosition":null,"screenPosition":null,"deltaImage":null},{"modelPosition":{"x":-296.44733,"y":134.45383,"z":-87.09834},"screenPosition":{"x":0.8229745,"y":0.5046398},"deltaImage":"not-really-an-image.png"},{"modelPosition":{"x":-298.62445,"y":133.69835,"z":-87.50456},"screenPosition":{"x":0.8242415,"y":0.5416887},"deltaImage":"not-really-an-image.png"},{"modelPosition":{"x":-301.46576,"y":134.72513,"z":-87.35505},"screenPosition":{"x":0.777865,"y":0.57830095},"deltaImage":"not-really-an-image.png"},{"modelPosition":{"x":-303.8773,"y":135.7692,"z":-87.16987},"screenPosition":{"x":0.7343849,"y":0.6083686},"deltaImage":"not-really-an-image.png"},{"modelPosition":{"x":-303.70242,"y":138.73802,"z":-86.17485},"screenPosition":{"x":0.6649742,"y":0.58851194},"deltaImage":"not-really-an-image.png"},{"modelPosition":{"x":-301.4132,"y":139.95135,"z":-85.58659},"screenPosition":{"x":0.65281135,"y":0.54708123},"deltaImage":"not-really-an-image.png"},{"modelPosition":{"x":-299.98364,"y":141.07385,"z":-85.10832},"screenPosition":{"x":0.6377755,"y":0.5190504},"deltaImage":"not-really-an-image.png"},{"modelPosition":{"x":-298.5498,"y":141.77153,"z":-84.77321},"screenPosition":{"x":0.6320792,"y":0.49349806},"deltaImage":"not-really-an-image.png"},{"modelPosition":{"x":-296.71744,"y":142.7696,"z":-84.30899},"screenPosition":{"x":0.6221234,"y":0.46026736},"deltaImage":"not-really-an-image.png"},{"modelPosition":{"x":-295.29718,"y":144.31255,"z":-83.68939},"screenPosition":{"x":0.59656984,"y":0.42989483},"deltaImage":"not-really-an-image.png"},{"modelPosition":{"x":-293.78598,"y":145.68634,"z":-83.1206},"screenPosition":{"x":0.57527685,"y":0.3992806},"deltaImage":"not-really-an-image.png"},{"modelPosition":{"x":-292.2784,"y":147.48485,"z":-82.40863},"screenPosition":{"x":0.54410964,"y":0.36613098},"deltaImage":"not-really-an-image.png"},{"modelPosition":{"x":-292.2046,"y":149.87448,"z":-81.59657},"screenPosition":{"x":0.4876539,"y":0.3510869},"deltaImage":"not-really-an-image.png"},{"modelPosition":{"x":-294.76764,"y":150.80116,"z":-81.82945},"screenPosition":{"x":0.44746402,"y":0.38561946},"deltaImage":"not-really-an-image.png"},{"modelPosition":{"x":-297.1349,"y":150.07185,"z":-82.514565},"screenPosition":{"x":0.44787863,"y":0.42649183},"deltaImage":"not-really-an-image.png"},{"modelPosition":{"x":-299.31946,"y":149.42432,"z":-83.14198},"screenPosition":{"x":0.4473059,"y":0.46420252},"deltaImage":"not-really-an-image.png"},{"modelPosition":{"x":-300.24915,"y":147.76418,"z":-83.67067},"screenPosition":{"x":0.47912702,"y":0.48744845},"deltaImage":"not-really-an-image.png"},{"modelPosition":{"x":-301.8929,"y":146.2331,"z":-84.34004},"screenPosition":{"x":0.50368494,"y":0.5210457},"deltaImage":"not-really-an-image.png"},{"modelPosition":null,"screenPosition":null,"deltaImage":null},{"modelPosition":{"x":-304.2442,"y":142.57564,"z":-85.574844},"screenPosition":{"x":0.5721884,"y":0.5769517},"deltaImage":"not-really-an-image.png"},{"modelPosition":{"x":-304.73093,"y":140.65892,"z":-86.04961},"screenPosition":{"x":0.61243486,"y":0.59456563},"deltaImage":"not-really-an-image.png"},{"modelPosition":{"x":-303.45477,"y":137.46436,"z":-86.568115},"screenPosition":{"x":0.69718593,"y":0.5921467},"deltaImage":"not-really-an-image.png"},{"modelPosition":{"x":-301.44275,"y":136.11096,"z":-86.885475},"screenPosition":{"x":0.744972,"y":0.56987303},"deltaImage":"not-really-an-image.png"},{"modelPosition":{"x":-297.5666,"y":134.8476,"z":-87.04306},"screenPosition":{"x":0.8049612,"y":0.5191247},"deltaImage":"not-really-an-image.png"},{"modelPosition":null,"screenPosition":null,"deltaImage":null},{"modelPosition":{"x":-294.6174,"y":138.50105,"z":-85.60465},"screenPosition":{"x":0.74048346,"y":0.45359764},"deltaImage":"not-really-an-image.png"},{"modelPosition":{"x":-294.33545,"y":141.91202,"z":-84.43326},"screenPosition":{"x":0.66125804,"y":0.4294762},"deltaImage":"not-really-an-image.png"},{"modelPosition":{"x":-295.8287,"y":143.62793,"z":-83.957466},"screenPosition":{"x":0.6084928,"y":0.44194728},"deltaImage":"not-really-an-image.png"},{"modelPosition":null,"screenPosition":null,"deltaImage":null},{"modelPosition":{"x":-313.35138,"y":146.56241,"z":-86.92687},"screenPosition":{"x":0.4155483,"y":0.6984669},"deltaImage":"not-really-an-image.png"},{"modelPosition":{"x":-314.26825,"y":148.04521,"z":-86.85861},"screenPosition":{"x":0.3749995,"y":0.7051271},"deltaImage":"not-really-an-image.png"},{"modelPosition":null,"screenPosition":null,"deltaImage":null},{"modelPosition":null,"screenPosition":null,"deltaImage":null},{"modelPosition":{"x":-312.84406,"y":154.69609,"z":-85.27243},"screenPosition":{"x":0.23112285,"y":0.6482943},"deltaImage":"not-really-an-image.png"},{"modelPosition":{"x":-309.81732,"y":155.29692,"z":-84.45913},"screenPosition":{"x":0.23828375,"y":0.5977674},"deltaImage":"not-really-an-image.png"},{"modelPosition":{"x":-307.8829,"y":154.61987,"z":-84.13987},"screenPosition":{"x":0.26747274,"y":0.57101715},"deltaImage":"not-really-an-image.png"},{"modelPosition":{"x":-307.08954,"y":152.30417,"z":-84.39409},"screenPosition":{"x":0.32671276,"y":0.57069016},"deltaImage":"not-really-an-image.png"},{"modelPosition":{"x":-307.88406,"y":150.15587,"z":-84.98378},"screenPosition":{"x":0.37076265,"y":0.5943407},"deltaImage":"not-really-an-image.png"},{"modelPosition":{"x":-310.04572,"y":149.065,"z":-85.68968},"screenPosition":{"x":0.3812354,"y":0.6338916},"deltaImage":"not-really-an-image.png"},{"modelPosition":null,"screenPosition":null,"deltaImage":null},{"modelPosition":{"x":-313.9975,"y":150.17325,"z":-86.393845},"screenPosition":{"x":0.3277083,"y":0.6898463},"deltaImage":"not-really-an-image.png"},{"modelPosition":{"x":-315.74725,"y":150.4906,"z":-86.738396},"screenPosition":{"x":0.30819726,"y":0.71556747},"deltaImage":"not-really-an-image.png"},{"modelPosition":null,"screenPosition":null,"deltaImage":null},{"modelPosition":{"x":-319.22162,"y":153.11911,"z":-87.044876},"screenPosition":{"x":0.22324406,"y":0.75638205},"deltaImage":"not-really-an-image.png"},{"modelPosition":{"x":-321.30032,"y":153.93614,"z":-87.37104},"screenPosition":{"x":0.18972623,"y":0.7844851},"deltaImage":"not-really-an-image.png"},{"modelPosition":{"x":-321.75754,"y":156.47708,"z":-86.996544},"screenPosition":{"x":0.12768291,"y":0.77854854},"deltaImage":"not-really-an-image.png"},{"modelPosition":{"x":-319.58148,"y":157.91158,"z":-86.22236},"screenPosition":{"x":0.10957976,"y":0.73698616},"deltaImage":"not-really-an-image.png"},{"modelPosition":{"x":-317.06287,"y":157.9635,"z":-85.630264},"screenPosition":{"x":0.12593165,"y":0.6972818},"deltaImage":"not-really-an-image.png"},{"modelPosition":{"x":-315.0647,"y":156.89189,"z":-85.370834},"screenPosition":{"x":0.16471478,"y":0.671594},"deltaImage":"not-really-an-image.png"},{"modelPosition":{"x":-314.41876,"y":154.64372,"z":-85.64638},"screenPosition":{"x":0.22125934,"y":0.67314744},"deltaImage":"not-really-an-image.png"},{"modelPosition":{"x":-314.69006,"y":152.30344,"z":-86.15138},"screenPosition":{"x":0.2734661,"y":0.6895195},"deltaImage":"not-really-an-image.png"},{"modelPosition":{"x":-316.01013,"y":150.37119,"z":-86.82174},"screenPosition":{"x":0.3092949,"y":0.72040725},"deltaImage":"not-really-an-image.png"},{"modelPosition":{"x":-318.24203,"y":149.4683,"z":-87.50836},"screenPosition":{"x":0.31462145,"y":0.760008},"deltaImage":"not-really-an-image.png"},{"modelPosition":{"x":-320.8036,"y":150.6302,"z":-87.88098},"screenPosition":{"x":0.2699439,"y":0.7941498},"deltaImage":"not-really-an-image.png"},{"modelPosition":{"x":-321.8736,"y":152.68274,"z":-87.74045},"screenPosition":{"x":0.2146928,"y":0.7998287},"deltaImage":"not-really-an-image.png"},{"modelPosition":{"x":-322.25018,"y":154.38332,"z":-87.50613},"screenPosition":{"x":0.17273585,"y":0.7969734},"deltaImage":"not-really-an-image.png"},{"modelPosition":{"x":-322.70184,"y":157.36176,"z":-87.04766},"screenPosition":{"x":0.100581564,"y":0.78860795},"deltaImage":"not-really-an-image.png"},{"modelPosition":null,"screenPosition":null,"deltaImage":null},{"modelPosition":{"x":-318.10602,"y":157.92679,"z":-85.87837},"screenPosition":{"x":0.11951174,"y":0.71380603},"deltaImage":"not-really-an-image.png"},{"modelPosition":{"x":-316.19714,"y":157.03693,"z":-85.60523},"screenPosition":{"x":0.15345699,"y":0.6885668},"deltaImage":"not-really-an-image.png"},{"modelPosition":{"x":-315.33438,"y":155.00111,"z":-85.79052},"screenPosition":{"x":0.20664236,"y":0.68564665},"deltaImage":"not-really-an-image.png"},{"modelPosition":{"x":-314.81577,"y":153.6877,"z":-85.91884},"screenPosition":{"x":0.24076766,"y":0.6844313},"deltaImage":"not-really-an-image.png"},{"modelPosition":{"x":-313.90503,"y":151.54976,"z":-86.11233},"screenPosition":{"x":0.29670286,"y":0.6813385},"deltaImage":"not-really-an-image.png"},{"modelPosition":{"x":-313.43,"y":149.42851,"z":-86.4034},"screenPosition":{"x":0.34881598,"y":0.6848178},"deltaImage":"not-really-an-image.png"},{"modelPosition":{"x":-313.12894,"y":147.44527,"z":-86.708595},"screenPosition":{"x":0.39731154,"y":0.69062394},"deltaImage":"not-really-an-image.png"},{"modelPosition":{"x":-311.94522,"y":146.07976,"z":-86.693},"screenPosition":{"x":0.43723416,"y":0.67922264},"deltaImage":"not-really-an-image.png"},{"modelPosition":{"x":-311.50882,"y":144.25917,"z":-86.93618},"screenPosition":{"x":0.48250252,"y":0.6818989},"deltaImage":"not-really-an-image.png"},{"modelPosition":{"x":-310.23257,"y":142.02423,"z":-87.06349},"screenPosition":{"x":0.5432353,"y":0.67358947},"deltaImage":"not-really-an-image.png"},{"modelPosition":{"x":-307.66458,"y":141.37602,"z":-86.59231},"screenPosition":{"x":0.5761701,"y":0.6367689},"deltaImage":"not-really-an-image.png"},{"modelPosition":{"x":-304.95413,"y":141.12488,"z":-86.013145},"screenPosition":{"x":0.6000654,"y":0.59562445},"deltaImage":"not-really-an-image.png"},{"modelPosition":{"x":-302.99634,"y":142.2313,"z":-85.351425},"screenPosition":{"x":0.5882951,"y":0.5592416},"deltaImage":"not-really-an-image.png"},{"modelPosition":{"x":-302.28857,"y":144.36026,"z":-84.78545},"screenPosition":{"x":0.5438835,"y":0.5370697},"deltaImage":"not-really-an-image.png"},{"modelPosition":{"x":-301.31488,"y":146.60649,"z":-84.13584},"screenPosition":{"x":0.49911654,"y":0.5100358},"deltaImage":"not-really-an-image.png"},{"modelPosition":{"x":-301.4552,"y":148.6856,"z":-83.77535},"screenPosition":{"x":0.4499162,"y":0.50137365},"deltaImage":"not-really-an-image.png"},{"modelPosition":{"x":-302.35043,"y":150.75517,"z":-83.5912},"screenPosition":{"x":0.3956742,"y":0.5045815},"deltaImage":"not-really-an-image.png"},{"modelPosition":{"x":-304.34824,"y":151.75735,"z":-83.86367},"screenPosition":{"x":0.35819316,"y":0.53069067},"deltaImage":"not-really-an-image.png"},{"modelPosition":{"x":-307.22177,"y":150.79141,"z":-84.710556},"screenPosition":{"x":0.36087763,"y":0.5806613},"deltaImage":"not-really-an-image.png"},{"modelPosition":{"x":-308.76736,"y":148.8608,"z":-85.43273},"screenPosition":{"x":0.3947965,"y":0.61493397},"deltaImage":"not-really-an-image.png"},{"modelPosition":null,"screenPosition":null,"deltaImage":null},{"modelPosition":{"x":-308.37268,"y":143.98834,"z":-86.262314},"screenPosition":{"x":0.50952476,"y":0.6340743},"deltaImage":"not-really-an-image.png"},{"modelPosition":{"x":-306.5553,"y":142.21397,"z":-86.17749},"screenPosition":{"x":0.5642371,"y":0.615009},"deltaImage":"not-really-an-image.png"},{"modelPosition":{"x":-303.53107,"y":142.21738,"z":-85.477684},"screenPosition":{"x":0.5846112,"y":0.5676863},"deltaImage":"not-really-an-image.png"},{"modelPosition":{"x":-301.88626,"y":143.97575,"z":-84.765114},"screenPosition":{"x":0.55534476,"y":0.53281206},"deltaImage":"not-really-an-image.png"},{"modelPosition":{"x":-300.77682,"y":145.71922,"z":-84.17913},"screenPosition":{"x":0.522207,"y":0.50647354},"deltaImage":"not-really-an-image.png"},{"modelPosition":{"x":-300.78403,"y":147.7486,"z":-83.797264},"screenPosition":{"x":0.47604856,"y":0.49582458},"deltaImage":"not-really-an-image.png"},{"modelPosition":{"x":-300.96973,"y":149.918,"z":-83.430214},"screenPosition":{"x":0.42414817,"y":0.4875058},"deltaImage":"not-really-an-image.png"},{"modelPosition":{"x":-301.2437,"y":152.04176,"z":-83.09219},"screenPosition":{"x":0.37312323,"y":0.48069525},"deltaImage":"not-really-an-image.png"},{"modelPosition":{"x":-302.66916,"y":153.86156,"z":-83.07782},"screenPosition":{"x":0.3214039,"y":0.49334756},"deltaImage":"not-really-an-image.png"},{"modelPosition":{"x":-303.8223,"y":154.67995,"z":-83.18975},"screenPosition":{"x":0.2943284,"y":0.50714976},"deltaImage":"not-really-an-image.png"},{"modelPosition":{"x":-317.96948,"y":151.36627,"z":-87.08666},"screenPosition":{"x":0.2726269,"y":0.7459326},"deltaImage":"not-really-an-image.png"},{"modelPosition":{"x":-319.88235,"y":151.82361,"z":-87.44246},"screenPosition":{"x":0.24843222,"y":0.7731681},"deltaImage":"not-really-an-image.png"},{"modelPosition":{"x":-321.8667,"y":153.56755,"z":-87.57164},"screenPosition":{"x":0.19429164,"y":0.7951968},"deltaImage":"not-really-an-image.png"},{"modelPosition":{"x":-323.36078,"y":156.07321,"z":-87.44352},"screenPosition":{"x":0.12587449,"y":0.8057593},"deltaImage":"not-really-an-image.png"},{"modelPosition":{"x":-321.44266,"y":158.04774,"z":-86.62691},"screenPosition":{"x":0.093447864,"y":0.7654153},"deltaImage":"not-really-an-image.png"},{"modelPosition":{"x":-319.02225,"y":157.17801,"z":-86.231705},"screenPosition":{"x":0.13047431,"y":0.7319728},"deltaImage":"not-really-an-image.png"},{"modelPosition":{"x":-318.64716,"y":154.5953,"z":-86.63309},"screenPosition":{"x":0.19300945,"y":0.7396782},"deltaImage":"not-really-an-image.png"},{"modelPosition":{"x":-320.00644,"y":152.76146,"z":-87.29391},"screenPosition":{"x":0.2259089,"y":0.77029985},"deltaImage":"not-really-an-image.png"},{"modelPosition":{"x":-322.5841,"y":150.59334,"z":-88.29958},"screenPosition":{"x":0.25818086,"y":0.8219062},"deltaImage":"not-really-an-image.png"},{"modelPosition":{"x":-324.05963,"y":150.36288,"z":-88.684265},"screenPosition":{"x":0.25331032,"y":0.8462887},"deltaImage":"not-really-an-image.png"},{"modelPosition":null,"screenPosition":null,"deltaImage":null},{"modelPosition":{"x":-328.1836,"y":152.44235,"z":-89.24468},"screenPosition":{"x":0.17647035,"y":0.90023166},"deltaImage":"not-really-an-image.png"},{"modelPosition":{"x":-328.63556,"y":154.31764,"z":-88.99477},"screenPosition":{"x":0.12982486,"y":0.89751387},"deltaImage":"not-really-an-image.png"},{"modelPosition":{"x":-327.14487,"y":156.96863,"z":-88.14913},"screenPosition":{"x":0.07872912,"y":0.8603288},"deltaImage":"not-really-an-image.png"},{"modelPosition":{"x":-325.4115,"y":158.20018,"z":-87.51565},"screenPosition":{"x":0.062247373,"y":0.8267579},"deltaImage":"not-really-an-image.png"},{"modelPosition":{"x":-322.65576,"y":157.71169,"z":-86.97087},"screenPosition":{"x":0.09278667,"y":0.78616345},"deltaImage":"not-really-an-image.png"},{"modelPosition":{"x":-321.77118,"y":154.71207,"z":-87.33326},"screenPosition":{"x":0.16852514,"y":0.78798026},"deltaImage":"not-really-an-image.png"},{"modelPosition":{"x":-322.2199,"y":152.7453,"z":-87.80869},"screenPosition":{"x":0.21080723,"y":0.804862},"deltaImage":"not-really-an-image.png"},{"modelPosition":{"x":-323.83344,"y":151.4585,"z":-88.424904},"screenPosition":{"x":0.22961292,"y":0.83726096},"deltaImage":"not-really-an-image.png"},{"modelPosition":{"x":-326.76083,"y":152.5434,"z":-88.89666},"screenPosition":{"x":0.18395591,"y":0.8771168},"deltaImage":"not-really-an-image.png"},{"modelPosition":{"x":-326.73563,"y":154.96796,"z":-88.43262},"screenPosition":{"x":0.12798493,"y":0.86437064},"deltaImage":"not-really-an-image.png"},{"modelPosition":{"x":-326.234,"y":157.71388,"z":-87.79771},"screenPosition":{"x":0.067854896,"y":0.8416935},"deltaImage":"not-really-an-image.png"},{"modelPosition":{"x":-328.02625,"y":158.85574,"z":-87.996254},"screenPosition":{"x":0.023850579,"y":0.8607797},"deltaImage":"not-really-an-image.png"},{"modelPosition":{"x":-330.9056,"y":158.07806,"z":-88.80891},"screenPosition":{"x":0.015971867,"y":0.90889764},"deltaImage":"not-really-an-image.png"},{"modelPosition":{"x":-331.31955,"y":155.81897,"z":-89.33154},"screenPosition":{"x":0.07629408,"y":0.9316952},"deltaImage":"not-really-an-image.png"},{"modelPosition":{"x":-330.0121,"y":154.12521,"z":-89.34937},"screenPosition":{"x":0.12469259,"y":0.92007077},"deltaImage":"not-really-an-image.png"},{"modelPosition":{"x":-328.69766,"y":152.64615,"z":-89.32501},"screenPosition":{"x":0.16812377,"y":0.90704006},"deltaImage":"not-really-an-image.png"},{"modelPosition":{"x":-327.59207,"y":151.3949,"z":-89.305885},"screenPosition":{"x":0.20488822,"y":0.8964413},"deltaImage":"not-really-an-image.png"},{"modelPosition":{"x":-325.57535,"y":150.2237,"z":-89.060974},"screenPosition":{"x":0.24611063,"y":0.8709825},"deltaImage":"not-really-an-image.png"},{"modelPosition":{"x":-323.98254,"y":149.29396,"z":-88.86845},"screenPosition":{"x":0.27862898,"y":0.85067725},"deltaImage":"not-really-an-image.png"},{"modelPosition":{"x":-322.56854,"y":147.17026,"z":-88.942894},"screenPosition":{"x":0.3378906,"y":0.83985335},"deltaImage":"not-really-an-image.png"},{"modelPosition":{"x":-322.1569,"y":144.2476,"z":-89.40008},"screenPosition":{"x":0.408362,"y":0.8485134},"deltaImage":"not-really-an-image.png"},{"modelPosition":{"x":-326.07602,"y":143.36009,"z":-90.47386},"screenPosition":{"x":0.40181392,"y":0.91466874},"deltaImage":"not-really-an-image.png"},{"modelPosition":{"x":-326.1765,"y":146.30626,"z":-89.94031},"screenPosition":{"x":0.3327803,"y":0.9008549},"deltaImage":"not-really-an-image.png"},{"modelPosition":{"x":-324.8183,"y":147.91907,"z":-89.32151},"screenPosition":{"x":0.30484065,"y":0.87116665},"deltaImage":"not-really-an-image.png"},{"modelPosition":{"x":-322.46692,"y":148.98846,"z":-88.57579},"screenPosition":{"x":0.29610905,"y":0.8283677},"deltaImage":"not-really-an-image.png"},{"modelPosition":{"x":-320.60834,"y":147.50574,"z":-88.42632},"screenPosition":{"x":0.34377322,"y":0.8074112},"deltaImage":"not-really-an-image.png"},{"modelPosition":{"x":-319.05414,"y":145.09656,"z":-88.522316},"screenPosition":{"x":0.41048494,"y":0.79566014},"deltaImage":"not-really-an-image.png"},{"modelPosition":{"x":-321.33545,"y":143.39499,"z":-89.3713},"screenPosition":{"x":0.434049,"y":0.84026486},"deltaImage":"not-really-an-image.png"},{"modelPosition":null,"screenPosition":null,"deltaImage":null},{"modelPosition":{"x":-324.9275,"y":140.87814,"z":-90.67738},"screenPosition":{"x":0.46635413,"y":0.9087324},"deltaImage":"not-really-an-image.png"},{"modelPosition":{"x":-324.95682,"y":137.74066,"z":-91.277115},"screenPosition":{"x":0.5399514,"y":0.92649484},"deltaImage":"not-really-an-image.png"},{"modelPosition":{"x":-324.02,"y":135.25206,"z":-91.530846},"screenPosition":{"x":0.6042018,"y":0.9248248},"deltaImage":"not-really-an-image.png"},{"modelPosition":null,"screenPosition":null,"deltaImage":null},{"modelPosition":{"x":-325.1315,"y":133.06833,"z":-92.20051},"screenPosition":{"x":0.6471029,"y":0.95363235},"deltaImage":"not-really-an-image.png"},{"modelPosition":{"x":-323.63406,"y":129.34903,"z":-92.55721},"screenPosition":{"x":0.7438058,"y":0.9496124},"deltaImage":"not-really-an-image.png"},{"modelPosition":{"x":-321.30637,"y":129.60117,"z":-91.97143},"screenPosition":{"x":0.7541834,"y":0.9118514},"deltaImage":"not-really-an-image.png"},{"modelPosition":{"x":-319.61847,"y":132.16599,"z":-91.09649},"screenPosition":{"x":0.70438355,"y":0.87104106},"deltaImage":"not-really-an-image.png"},{"modelPosition":{"x":-319.46948,"y":134.82681,"z":-90.55918},"screenPosition":{"x":0.6451711,"y":0.85549366},"deltaImage":"not-really-an-image.png"},{"modelPosition":null,"screenPosition":null,"deltaImage":null},{"modelPosition":{"x":-316.0245,"y":137.72742,"z":-89.21457},"screenPosition":{"x":0.60252196,"y":0.7867136},"deltaImage":"not-really-an-image.png"},{"modelPosition":{"x":-313.29517,"y":136.47278,"z":-88.82068},"screenPosition":{"x":0.6506469,"y":0.7505335},"deltaImage":"not-really-an-image.png"},{"modelPosition":{"x":-312.01837,"y":134.21568,"z":-88.952065},"screenPosition":{"x":0.7118976,"y":0.74233174},"deltaImage":"not-really-an-image.png"},{"modelPosition":{"x":-313.75363,"y":131.50955,"z":-89.86466},"screenPosition":{"x":0.7625672,"y":0.7836337},"deltaImage":"not-really-an-image.png"},{"modelPosition":{"x":-314.55945,"y":129.10329,"z":-90.50571},"screenPosition":{"x":0.81276107,"y":0.8088172},"deltaImage":"not-really-an-image.png"},{"modelPosition":{"x":-317.03506,"y":129.36035,"z":-91.02946},"screenPosition":{"x":0.7895419,"y":0.84623474},"deltaImage":"not-really-an-image.png"},{"modelPosition":{"x":-318.8045,"y":128.56898,"z":-91.5881},"screenPosition":{"x":0.79556286,"y":0.8780716},"deltaImage":"not-really-an-image.png"},{"modelPosition":null,"screenPosition":null,"deltaImage":null},{"modelPosition":{"x":-321.43167,"y":124.55615,"z":-92.953835},"screenPosition":{"x":0.870323,"y":0.9401624},"deltaImage":"not-really-an-image.png"},{"modelPosition":{"x":-320.83386,"y":121.86183,"z":-93.32482},"screenPosition":{"x":0.93698156,"y":0.9448746},"deltaImage":"not-really-an-image.png"}],"deltaImage":"20190824-091034/brain-C79338-0.webp","screenAreaInSqPixels":null,"screenAngle":null}],"cameraMatrix":{"elements":[-0.8785344167460292,-0.4063063189466085,-0.25118211277232944,0.0,-0.4474986618365616,0.8840006749438326,0.1352322237979363,0.0,0.16709945017025365,0.2312098222024862,-0.9584465513892226,0.0,-293.5372584753057,184.82592329883607,-171.54433474786575,1.0]},"baseImage":"20190824-091034/base.webp","version":0,"savedAt":1.566638108495E12,"notes":null}