{"startedAt":1.566632647614E12,"surfaces":[{"brainId":"CBDC38","panelName":"9D","pixels":[{"modelPosition":{"x":-124.57215,"y":85.80452,"z":-104.3657},"screenPosition":{"x":0.12708162,"y":0.83957},"deltaImage":"not-really-an-image.png"},{"modelPosition":{"x":-124.29433,"y":83.9259,"z":-103.63634},"screenPosition":{"x":0.15113766,"y":0.870963},"deltaImage":"not-really-an-image.png"},{"modelPosition":{"x":-122.57788,"y":82.91934,"z":-103.777176},"screenPosition":{"x":0.16711019,"y":0.80107063},"deltaImage":"not-really-an-image.png"},{"modelPosition":{"x":-120.68341,"y":81.40286,"z":-103.75484},"screenPosition":{"x":0.19354346,"y":0.7756472},"deltaImage":"not-really-an-image.png"},{"modelPosition":{"x":-118.99916,"y":78.262764,"z":-102.94942},"screenPosition":{"x":0.23400874,"y":0.73672783},"deltaImage":"not-really-an-image.png"},{"modelPosition":{"x":-118.32426,"y":76.088905,"z":-102.22528},"screenPosition":{"x":0.26486942,"y":0.7651095},"deltaImage":"not-really-an-image.png"},{"modelPosition":{"x":-121.834305,"y":74.65347,"z":-100.405594},"screenPosition":{"x":0.27424914,"y":0.88969225},"deltaImage":"not-really-an-image.png"},{"modelPosition":{"x":-123.522446,"y":77.203156,"z":-100.95086},"screenPosition":{"x":0.23782818,"y":0.9162297},"deltaImage":"not-really-an-image.png"},{"modelPosition":{"x":-124.07313,"y":78.96104,"z":-101.53475},"screenPosition":{"x":0.21419924,"y":0.9153862},"deltaImage":"not-really-an-image.png"},{"modelPosition":{"x":-125.215546,"y":81.7522,"z":-102.370964},"screenPosition":{"x":0.17603359,"y":0.92241323},"deltaImage":"not-really-an-image.png"},{"modelPosition":{"x":-114.660934,"y":56.752476,"z":-94.99056},"screenPosition":{"x":0.51865196,"y":0.84937495},"deltaImage":"not-really-an-image.png"},{"modelPosition":{"x":-120.620766,"y":79.89999,"z":-103.117226},"screenPosition":{"x":0.2106295,"y":0.7979979},"deltaImage":"not-really-an-image.png"},{"modelPosition":{"x":-119.884285,"y":78.81301,"z":-102.890465},"screenPosition":{"x":0.22619693,"y":0.7861601},"deltaImage":"not-really-an-image.png"},{"modelPosition":null,"screenPosition":null,"deltaImage":null},{"modelPosition":{"x":-116.98437,"y":75.73988,"z":-102.52668},"screenPosition":{"x":0.27073577,"y":0.7014039},"deltaImage":"not-really-an-image.png"},{"modelPosition":{"x":-115.35002,"y":73.284134,"z":-102.00436},"screenPosition":{"x":0.30728474,"y":0.70134735},"deltaImage":"not-really-an-image.png"},{"modelPosition":{"x":-114.2076,"y":70.49297,"z":-101.168144},"screenPosition":{"x":0.34549698,"y":0.6942804},"deltaImage":"not-really-an-image.png"},{"modelPosition":{"x":-115.980675,"y":68.413284,"z":-99.65509},"screenPosition":{"x":0.36760327,"y":0.77091163},"deltaImage":"not-really-an-image.png"},{"modelPosition":{"x":-119.081955,"y":68.45385,"z":-98.6211},"screenPosition":{"x":0.35967338,"y":0.8671082},"deltaImage":"not-really-an-image.png"},{"modelPosition":{"x":-114.660934,"y":56.752476,"z":-94.99056},"screenPosition":{"x":0.51865196,"y":0.84937495},"deltaImage":"not-really-an-image.png"},{"modelPosition":null,"screenPosition":null,"deltaImage":null},{"modelPosition":null,"screenPosition":null,"deltaImage":null},{"modelPosition":{"x":-114.660934,"y":56.752476,"z":-94.99056},"screenPosition":{"x":0.51865196,"y":0.84937495},"deltaImage":"not-really-an-image.png"},{"modelPosition":{"x":-118.57446,"y":71.15092,"z":-99.97562},"screenPosition":{"x":0.32655433,"y":0.8238722},"deltaImage":"not-really-an-image.png"},{"modelPosition":null,"screenPosition":null,"deltaImage":null},{"modelPosition":{"x":-120.537224,"y":67.809906,"z":-97.84526},"screenPosition":{"x":0.36419278,"y":0.9194058},"deltaImage":"not-really-an-image.png"},{"modelPosition":{"x":-119.95716,"y":65.00539,"z":-96.81248},"screenPosition":{"x":0.4011693,"y":0.93006855},"deltaImage":"not-really-an-image.png"},{"modelPosition":{"x":-118.37661,"y":62.64357,"z":-96.31309},"screenPosition":{"x":0.43494722,"y":0.90496206},"deltaImage":"not-really-an-image.png"},{"modelPosition":{"x":-115.234276,"y":63.3276,"z":-97.67866},"screenPosition":{"x":0.4338902,"y":0.7997805},"deltaImage":"not-really-an-image.png"},{"modelPosition":{"x":-114.5654,"y":65.74286,"z":-98.964355},"screenPosition":{"x":0.4048407,"y":0.75421286},"deltaImage":"not-really-an-image.png"},{"modelPosition":{"x":-116.12931,"y":67.87656,"z":-99.36938},"screenPosition":{"x":0.37399662,"y":0.78114},"deltaImage":"not-really-an-image.png"},{"modelPosition":{"x":-119.06532,"y":68.22574,"z":-98.52674},"screenPosition":{"x":0.36256707,"y":0.8690057},"deltaImage":"not-really-an-image.png"},{"modelPosition":null,"screenPosition":null,"deltaImage":null},{"modelPosition":{"x":-117.715515,"y":63.878006,"z":-97.07847},"screenPosition":{"x":0.42088568,"y":0.8716652},"deltaImage":"not-really-an-image.png"},{"modelPosition":{"x":-114.74235,"y":63.66301,"z":-97.99254},"screenPosition":{"x":0.4307959,"y":0.78107023},"deltaImage":"not-really-an-image.png"},{"modelPosition":{"x":-113.29983,"y":65.12548,"z":-99.1229},"screenPosition":{"x":0.41573143,"y":0.7210409},"deltaImage":"not-really-an-image.png"},{"modelPosition":{"x":-113.11509,"y":68.38616,"z":-100.615036},"screenPosition":{"x":0.374837,"y":0.6818099},"deltaImage":"not-really-an-image.png"},{"modelPosition":{"x":-114.517624,"y":70.23805,"z":-100.95125},"screenPosition":{"x":0.3479687,"y":0.70658004},"deltaImage":"not-really-an-image.png"},{"modelPosition":{"x":-118.21843,"y":70.13108,"z":-99.64926},"screenPosition":{"x":0.34035107,"y":0.8232207},"deltaImage":"not-really-an-image.png"},{"modelPosition":{"x":-118.978264,"y":67.67557,"z":-98.31507},"screenPosition":{"x":0.36966327,"y":0.87212473},"deltaImage":"not-really-an-image.png"},{"modelPosition":null,"screenPosition":null,"deltaImage":null},{"modelPosition":{"x":-118.48031,"y":63.421852,"z":-96.61912},"screenPosition":{"x":0.4249002,"y":0.89992654},"deltaImage":"not-really-an-image.png"},{"modelPosition":{"x":-117.13546,"y":61.073483,"z":-96.045685},"screenPosition":{"x":0.4578622,"y":0.8823279},"deltaImage":"not-really-an-image.png"},{"modelPosition":{"x":-113.843414,"y":59.704464,"z":-96.56197},"screenPosition":{"x":0.48318148,"y":0.79361767},"deltaImage":"not-really-an-image.png"},{"modelPosition":{"x":-112.57891,"y":61.676857,"z":-97.855515},"screenPosition":{"x":0.46121684,"y":0.7339171},"deltaImage":"not-really-an-image.png"},{"modelPosition":null,"screenPosition":null,"deltaImage":null},{"modelPosition":{"x":-114.87542,"y":65.48794,"z":-98.74745},"screenPosition":{"x":0.40733737,"y":0.76648045},"deltaImage":"not-really-an-image.png"},{"modelPosition":{"x":-114.660934,"y":56.752476,"z":-94.99056},"screenPosition":{"x":0.51865196,"y":0.84937495},"deltaImage":"not-really-an-image.png"},{"modelPosition":{"x":-114.28193,"y":70.22461,"z":-101.02529},"screenPosition":{"x":0.34867498,"y":0.69939286},"deltaImage":"not-really-an-image.png"},{"modelPosition":{"x":-112.38746,"y":68.70813,"z":-101.00295},"screenPosition":{"x":0.37248832,"y":0.6558172},"deltaImage":"not-really-an-image.png"},{"modelPosition":{"x":-110.64552,"y":66.064514,"z":-100.43475},"screenPosition":{"x":0.41023082,"y":0.62856424},"deltaImage":"not-really-an-image.png"},{"modelPosition":{"x":-114.660934,"y":56.752476,"z":-94.99056},"screenPosition":{"x":0.51865196,"y":0.84937495},"deltaImage":"not-really-an-image.png"},{"modelPosition":{"x":-109.35836,"y":63.21966,"z":-99.62409},"screenPosition":{"x":0.44945112,"y":0.6175451},"deltaImage":"not-really-an-image.png"},{"modelPosition":{"x":-109.45214,"y":59.99923,"z":-98.18045},"screenPosition":{"x":0.49005148,"y":0.65353113},"deltaImage":"not-really-an-image.png"},{"modelPosition":{"x":-110.100494,"y":57.946266,"z":-97.06055},"screenPosition":{"x":0.5145268,"y":0.6948265},"deltaImage":"not-really-an-image.png"},{"modelPosition":{"x":-114.660934,"y":56.752476,"z":-94.99056},"screenPosition":{"x":0.51865196,"y":0.84937495},"deltaImage":"not-really-an-image.png"},{"modelPosition":{"x":-114.338165,"y":56.188866,"z":-94.85294},"screenPosition":{"x":0.52658117,"y":0.845122},"deltaImage":"not-really-an-image.png"},{"modelPosition":{"x":-117.047325,"y":57.933544,"z":-94.69902},"screenPosition":{"x":0.49790493,"y":0.9117855},"deltaImage":"not-really-an-image.png"},{"modelPosition":{"x":-118.02836,"y":60.4429,"z":-95.466415},"screenPosition":{"x":0.46370384,"y":0.91666603},"deltaImage":"not-really-an-image.png"},{"modelPosition":{"x":-114.660934,"y":56.752476,"z":-94.99056},"screenPosition":{"x":0.51865196,"y":0.84937495},"deltaImage":"not-really-an-image.png"},{"modelPosition":{"x":-109.02531,"y":47.70784,"z":-92.93666},"screenPosition":{"x":0.64699775,"y":0.7662891},"deltaImage":"not-really-an-image.png"},{"modelPosition":{"x":-106.58122,"y":47.023254,"z":-93.46542},"screenPosition":{"x":0.66158646,"y":0.69702536},"deltaImage":"not-really-an-image.png"},{"modelPosition":{"x":-104.63403,"y":48.00261,"z":-94.555145},"screenPosition":{"x":0.6538678,"y":0.6262026},"deltaImage":"not-really-an-image.png"},{"modelPosition":{"x":-103.100555,"y":49.505325,"z":-95.734},"screenPosition":{"x":0.6384948,"y":0.56292236},"deltaImage":"not-really-an-image.png"},{"modelPosition":{"x":-101.91037,"y":51.209354,"z":-96.88469},"screenPosition":{"x":0.6197653,"y":0.5082985},"deltaImage":"not-really-an-image.png"},{"modelPosition":{"x":-101.79996,"y":54.20167,"z":-98.23396},"screenPosition":{"x":0.58206445,"y":0.47417393},"deltaImage":"not-really-an-image.png"},{"modelPosition":{"x":-103.18586,"y":55.825447,"z":-98.475815},"screenPosition":{"x":0.5581345,"y":0.5007576},"deltaImage":"not-really-an-image.png"},{"modelPosition":{"x":-114.660934,"y":56.752476,"z":-94.99056},"screenPosition":{"x":0.51865196,"y":0.84937495},"deltaImage":"not-really-an-image.png"},{"modelPosition":{"x":-107.83832,"y":57.181183,"z":-97.49233},"screenPosition":{"x":0.5296961,"y":0.6320593},"deltaImage":"not-really-an-image.png"},{"modelPosition":null,"screenPosition":null,"deltaImage":null},{"modelPosition":{"x":-111.57735,"y":59.529797,"z":-97.25391},"screenPosition":{"x":0.49088177,"y":0.724614},"deltaImage":"not-really-an-image.png"},{"modelPosition":{"x":-114.045845,"y":59.261673,"z":-96.299194},"screenPosition":{"x":0.488315,"y":0.8044272},"deltaImage":"not-really-an-image.png"},{"modelPosition":{"x":-115.87271,"y":57.275917,"z":-94.80908},"screenPosition":{"x":0.50908464,"y":0.88186836},"deltaImage":"not-really-an-image.png"},{"modelPosition":{"x":-115.09411,"y":54.323772,"z":-93.778915},"screenPosition":{"x":0.5484134,"y":0.8878483},"deltaImage":"not-really-an-image.png"},{"modelPosition":{"x":-111.46763,"y":54.162384,"z":-94.93805},"screenPosition":{"x":0.559222,"y":0.77631193},"deltaImage":"not-really-an-image.png"},{"modelPosition":{"x":-110.01732,"y":56.805683,"z":-96.58872},"screenPosition":{"x":0.52919585,"y":0.7039302},"deltaImage":"not-really-an-image.png"},{"modelPosition":null,"screenPosition":null,"deltaImage":null},{"modelPosition":null,"screenPosition":null,"deltaImage":null},{"modelPosition":{"x":-116.98186,"y":59.610847,"z":-95.45656},"screenPosition":{"x":0.47678664,"y":0.8925368},"deltaImage":"not-really-an-image.png"},{"modelPosition":{"x":-117.5021,"y":57.73231,"z":-94.45657},"screenPosition":{"x":0.49937046,"y":0.92780465},"deltaImage":"not-really-an-image.png"},{"modelPosition":{"x":-116.33916,"y":55.303448,"z":-93.786156},"screenPosition":{"x":0.53297836,"y":0.9166602},"deltaImage":"not-really-an-image.png"},{"modelPosition":{"x":-115.569405,"y":53.760242,"z":-93.37067},"screenPosition":{"x":0.55438006,"y":0.90813303},"deltaImage":"not-really-an-image.png"},{"modelPosition":{"x":-114.660934,"y":56.752476,"z":-94.99056},"screenPosition":{"x":0.51865196,"y":0.84937495},"deltaImage":"not-really-an-image.png"},{"modelPosition":{"x":-114.660934,"y":56.752476,"z":-94.99056},"screenPosition":{"x":0.51865196,"y":0.84937495},"deltaImage":"not-really-an-image.png"},{"modelPosition":null,"screenPosition":null,"deltaImage":null},{"modelPosition":null,"screenPosition":null,"deltaImage":null},{"modelPosition":{"x":-107.925385,"y":57.73135,"z":-97.704},"screenPosition":{"x":0.5225079,"y":0.6291402},"deltaImage":"not-really-an-image.png"},{"modelPosition":{"x":-107.40125,"y":60.200302,"z":-98.96414},"screenPosition":{"x":0.49245575,"y":0.5874551},"deltaImage":"not-really-an-image.png"},{"modelPosition":{"x":-108.81653,"y":62.870724,"z":-99.65488},"screenPosition":{"x":0.4551737,"y":0.60422695},"deltaImage":"not-really-an-image.png"},{"modelPosition":{"x":-109.950096,"y":64.252945,"z":-99.8764},"screenPosition":{"x":0.43489048,"y":0.62544054},"deltaImage":"not-really-an-image.png"},{"modelPosition":{"x":-113.42794,"y":64.95106,"z":-99.00298},"screenPosition":{"x":0.41763273,"y":0.7268319},"deltaImage":"not-really-an-image.png"},{"modelPosition":{"x":-114.660934,"y":56.752476,"z":-94.99056},"screenPosition":{"x":0.51865196,"y":0.84937495},"deltaImage":"not-really-an-image.png"},{"modelPosition":null,"screenPosition":null,"deltaImage":null},{"modelPosition":{"x":-110.99836,"y":59.31504,"z":-97.35612},"screenPosition":{"x":0.49499476,"y":0.7088107},"deltaImage":"not-really-an-image.png"},{"modelPosition":{"x":-109.17432,"y":58.120613,"z":-97.45109},"screenPosition":{"x":0.51455307,"y":0.66411906},"deltaImage":"not-really-an-image.png"},{"modelPosition":{"x":-107.31702,"y":56.46995,"z":-97.35732},"screenPosition":{"x":0.5399768,"y":0.6230849},"deltaImage":"not-really-an-image.png"},{"modelPosition":{"x":-104.72819,"y":55.731674,"z":-97.91164},"screenPosition":{"x":0.55559784,"y":0.5498594},"deltaImage":"not-really-an-image.png"},{"modelPosition":{"x":-103.20745,"y":58.05292,"z":-99.445015},"screenPosition":{"x":0.52600306,"y":0.45588872},"deltaImage":"not-really-an-image.png"},{"modelPosition":{"x":-105.19287,"y":59.529156,"z":-99.41886},"screenPosition":{"x":0.5063053,"y":0.52541167},"deltaImage":"not-really-an-image.png"},{"modelPosition":{"x":-114.660934,"y":56.752476,"z":-94.99056},"screenPosition":{"x":0.51865196,"y":0.84937495},"deltaImage":"not-really-an-image.png"},{"modelPosition":{"x":-108.938614,"y":58.10717,"z":-97.52513},"screenPosition":{"x":0.5152927,"y":0.65691084},"deltaImage":"not-really-an-image.png"},{"modelPosition":null,"screenPosition":null,"deltaImage":null},{"modelPosition":{"x":-108.4573,"y":54.081573,"z":-95.92354},"screenPosition":{"x":0.5675199,"y":0.6831807},"deltaImage":"not-really-an-image.png"},{"modelPosition":{"x":-108.5394,"y":52.63238,"z":-95.26037},"screenPosition":{"x":0.5857044,"y":0.7006086},"deltaImage":"not-really-an-image.png"},{"modelPosition":{"x":-107.033165,"y":50.002205,"z":-94.618126},"screenPosition":{"x":0.6227069,"y":0.68057466},"deltaImage":"not-really-an-image.png"},{"modelPosition":{"x":-105.64337,"y":48.96884,"z":-94.63643},"screenPosition":{"x":0.6391727,"y":0.6477955},"deltaImage":"not-really-an-image.png"},{"modelPosition":{"x":-103.25698,"y":47.787773,"z":-94.92797},"screenPosition":{"x":0.6599198,"y":0.58542496},"deltaImage":"not-really-an-image.png"},{"modelPosition":{"x":-100.899956,"y":47.65335,"z":-95.6684},"screenPosition":{"x":0.66731936,"y":0.5132352},"deltaImage":"not-really-an-image.png"},{"modelPosition":{"x":-98.82465,"y":48.807137,"z":-96.878044},"screenPosition":{"x":0.65762174,"y":0.43668398},"deltaImage":"not-really-an-image.png"},{"modelPosition":null,"screenPosition":null,"deltaImage":null},{"modelPosition":{"x":-114.660934,"y":56.752476,"z":-94.99056},"screenPosition":{"x":0.51865196,"y":0.84937495},"deltaImage":"not-really-an-image.png"},{"modelPosition":{"x":-101.254234,"y":54.44315,"z":-98.5249},"screenPosition":{"x":0.5803145,"y":0.45467663},"deltaImage":"not-really-an-image.png"},{"modelPosition":{"x":-103.68557,"y":54.309208,"z":-97.64162},"screenPosition":{"x":0.5761606,"y":0.531908},"deltaImage":"not-really-an-image.png"},{"modelPosition":null,"screenPosition":null,"deltaImage":null},{"modelPosition":{"x":-114.660934,"y":56.752476,"z":-94.99056},"screenPosition":{"x":0.51865196,"y":0.84937495},"deltaImage":"not-really-an-image.png"},{"modelPosition":{"x":-108.63814,"y":51.41131,"z":-94.69157},"screenPosition":{"x":0.600955,"y":0.71621585},"deltaImage":"not-really-an-image.png"},{"modelPosition":null,"screenPosition":null,"deltaImage":null},{"modelPosition":null,"screenPosition":null,"deltaImage":null},{"modelPosition":{"x":-114.660934,"y":56.752476,"z":-94.99056},"screenPosition":{"x":0.51865196,"y":0.84937495},"deltaImage":"not-really-an-image.png"},{"modelPosition":{"x":-114.660934,"y":56.752476,"z":-94.99056},"screenPosition":{"x":0.51865196,"y":0.84937495},"deltaImage":"not-really-an-image.png"},{"modelPosition":{"x":-100.851814,"y":41.199047,"z":-92.85516},"screenPosition":{"x":0.7493079,"y":0.57793844},"deltaImage":"not-really-an-image.png"},{"modelPosition":{"x":-101.8562,"y":40.165924,"z":-92.061615},"screenPosition":{"x":0.75965905,"y":0.6197859},"deltaImage":"not-really-an-image.png"},{"modelPosition":{"x":-114.660934,"y":56.752476,"z":-94.99056},"screenPosition":{"x":0.51865196,"y":0.84937495},"deltaImage":"not-really-an-image.png"},{"modelPosition":{"x":-104.99747,"y":36.892128,"z":-89.56105},"screenPosition":{"x":0.7939251,"y":0.7515138},"deltaImage":"not-really-an-image.png"},{"modelPosition":{"x":-107.13542,"y":37.241222,"z":-88.98903},"screenPosition":{"x":0.7843317,"y":0.8146638},"deltaImage":"not-really-an-image.png"},{"modelPosition":{"x":-109.59614,"y":38.153927,"z":-88.55463},"screenPosition":{"x":0.76659095,"y":0.88181263},"deltaImage":"not-really-an-image.png"},{"modelPosition":{"x":-111.2549,"y":39.656963,"z":-88.65101},"screenPosition":{"x":0.7437358,"y":0.9184635},"deltaImage":"not-really-an-image.png"},{"modelPosition":{"x":-114.660934,"y":56.752476,"z":-94.99056},"screenPosition":{"x":0.51865196,"y":0.84937495},"deltaImage":"not-really-an-image.png"},{"modelPosition":{"x":-112.51765,"y":43.45453,"z":-89.88761},"screenPosition":{"x":0.69251335,"y":0.9189231},"deltaImage":"not-really-an-image.png"},{"modelPosition":{"x":-113.17981,"y":44.80986,"z":-90.257225},"screenPosition":{"x":0.67372125,"y":0.9256883},"deltaImage":"not-really-an-image.png"},{"modelPosition":{"x":-113.81755,"y":47.11791,"z":-91.05279},"screenPosition":{"x":0.6429032,"y":0.92191887},"deltaImage":"not-really-an-image.png"},{"modelPosition":{"x":-114.293915,"y":49.14415,"z":-91.77954},"screenPosition":{"x":0.61604965,"y":0.9160029},"deltaImage":"not-really-an-image.png"},{"modelPosition":null,"screenPosition":null,"deltaImage":null},{"modelPosition":{"x":-109.17501,"y":49.760887,"z":-93.78594},"screenPosition":{"x":0.6205934,"y":0.7499024},"deltaImage":"not-really-an-image.png"},{"modelPosition":{"x":-107.445816,"y":47.9358,"z":-93.572266},"screenPosition":{"x":0.6479221,"y":0.71465105},"deltaImage":"not-really-an-image.png"},{"modelPosition":{"x":-106.67996,"y":45.802177,"z":-92.89662},"screenPosition":{"x":0.67683715,"y":0.71263254},"deltaImage":"not-really-an-image.png"},{"modelPosition":{"x":-108.6721,"y":43.507816,"z":-91.21516},"screenPosition":{"x":0.701128,"y":0.798347},"deltaImage":"not-really-an-image.png"},{"modelPosition":{"x":-111.61696,"y":45.265934,"z":-90.9872},"screenPosition":{"x":0.6717118,"y":0.8722295},"deltaImage":"not-really-an-image.png"},{"modelPosition":{"x":-117.74772,"y":61.74447,"z":-96.1322},"screenPosition":{"x":0.44793338,"y":0.8942483},"deltaImage":"not-really-an-image.png"},{"modelPosition":{"x":-111.24253,"y":49.78793,"z":-93.09662},"screenPosition":{"x":0.6152553,"y":0.8141577},"deltaImage":"not-really-an-image.png"},{"modelPosition":{"x":-109.52715,"y":51.371143,"z":-94.37246},"screenPosition":{"x":0.5992761,"y":0.7442775},"deltaImage":"not-really-an-image.png"},{"modelPosition":null,"screenPosition":null,"deltaImage":null},{"modelPosition":{"x":-103.99842,"y":50.874104,"z":-96.02957},"screenPosition":{"x":0.61897874,"y":0.57690877},"deltaImage":"not-really-an-image.png"},{"modelPosition":{"x":-102.724,"y":48.847782,"z":-95.57344},"screenPosition":{"x":0.64766353,"y":0.5579074},"deltaImage":"not-really-an-image.png"},{"modelPosition":{"x":-102.53713,"y":46.928917,"z":-94.79558},"screenPosition":{"x":0.67252815,"y":0.5717623},"deltaImage":"not-really-an-image.png"},{"modelPosition":{"x":-102.69745,"y":44.620953,"z":-93.7294},"screenPosition":{"x":0.7014424,"y":0.6004446},"deltaImage":"not-really-an-image.png"},{"modelPosition":{"x":-114.660934,"y":56.752476,"z":-94.99056},"screenPosition":{"x":0.51865196,"y":0.84937495},"deltaImage":"not-really-an-image.png"},{"modelPosition":{"x":-104.077324,"y":41.6556,"z":-91.96142},"screenPosition":{"x":0.7357239,"y":0.6739316},"deltaImage":"not-really-an-image.png"},{"modelPosition":{"x":-104.83326,"y":39.790504,"z":-90.88739},"screenPosition":{"x":0.75755614,"y":0.71665794},"deltaImage":"not-really-an-image.png"},{"modelPosition":{"x":-107.35944,"y":39.025906,"z":-89.69546},"screenPosition":{"x":0.76107675,"y":0.8032703},"deltaImage":"not-really-an-image.png"},{"modelPosition":{"x":-109.38203,"y":40.367958,"z":-89.59788},"screenPosition":{"x":0.73924166,"y":0.8527133},"deltaImage":"not-really-an-image.png"},{"modelPosition":{"x":-111.131744,"y":41.83075,"z":-89.64577},"screenPosition":{"x":0.71645904,"y":0.89232165},"deltaImage":"not-really-an-image.png"},{"modelPosition":null,"screenPosition":null,"deltaImage":null},{"modelPosition":{"x":-112.3407,"y":45.534378,"z":-90.85943},"screenPosition":{"x":0.66652423,"y":0.89198697},"deltaImage":"not-really-an-image.png"},{"modelPosition":{"x":-113.0694,"y":47.802177,"z":-91.60651},"screenPosition":{"x":0.6360308,"y":0.891548},"deltaImage":"not-really-an-image.png"},{"modelPosition":{"x":-114.660934,"y":56.752476,"z":-94.99056},"screenPosition":{"x":0.51865196,"y":0.84937495},"deltaImage":"not-really-an-image.png"},{"modelPosition":null,"screenPosition":null,"deltaImage":null},{"modelPosition":{"x":-107.303894,"y":44.701923,"z":-92.20267},"screenPosition":{"x":0.68928635,"y":0.7433932},"deltaImage":"not-really-an-image.png"},{"modelPosition":{"x":-105.74104,"y":45.157997,"z":-92.93263},"screenPosition":{"x":0.6872769,"y":0.6899344},"deltaImage":"not-really-an-image.png"},{"modelPosition":{"x":-114.660934,"y":56.752476,"z":-94.99056},"screenPosition":{"x":0.51865196,"y":0.84937495},"deltaImage":"not-really-an-image.png"},{"modelPosition":{"x":-101.614845,"y":46.51285,"z":-94.92596},"screenPosition":{"x":0.6800594,"y":0.5472476},"deltaImage":"not-really-an-image.png"},{"modelPosition":{"x":-101.16504,"y":48.71344,"z":-96.04325},"screenPosition":{"x":0.65316564,"y":0.5106525},"deltaImage":"not-really-an-image.png"},{"modelPosition":{"x":-103.80766,"y":49.545654,"z":-95.51187},"screenPosition":{"x":0.63629085,"y":0.5845815},"deltaImage":"not-really-an-image.png"},{"modelPosition":{"x":-105.00174,"y":47.25121,"z":-94.10103},"screenPosition":{"x":0.6623684,"y":0.6452898},"deltaImage":"not-really-an-image.png"},{"modelPosition":null,"screenPosition":null,"deltaImage":null},{"modelPosition":{"x":-99.92388,"y":47.143353,"z":-95.77585},"screenPosition":{"x":0.67614686,"y":0.48800078},"deltaImage":"not-really-an-image.png"},{"modelPosition":{"x":-98.45695,"y":49.558533,"z":-97.33216},"screenPosition":{"x":0.6490545,"y":0.4174398},"deltaImage":"not-really-an-image.png"},{"modelPosition":{"x":-114.660934,"y":56.752476,"z":-94.99056},"screenPosition":{"x":0.51865196,"y":0.84937495},"deltaImage":"not-really-an-image.png"},{"modelPosition":{"x":-101.34908,"y":53.81249,"z":-98.216255},"screenPosition":{"x":0.58808124,"y":0.46410453},"deltaImage":"not-really-an-image.png"},{"modelPosition":{"x":-102.50989,"y":51.061813,"z":-96.616684},"screenPosition":{"x":0.6201939,"y":0.52852243},"deltaImage":"not-really-an-image.png"},{"modelPosition":{"x":-102.07069,"y":48.90139,"z":-95.818504},"screenPosition":{"x":0.6486473,"y":0.5369755},"deltaImage":"not-really-an-image.png"},{"modelPosition":{"x":-102.49997,"y":47.0631,"z":-94.867004},"screenPosition":{"x":0.6709411,"y":0.56923026},"deltaImage":"not-really-an-image.png"},{"modelPosition":null,"screenPosition":null,"deltaImage":null},{"modelPosition":null,"screenPosition":null,"deltaImage":null},{"modelPosition":{"x":-109.53776,"y":47.01013,"z":-92.45699},"screenPosition":{"x":0.65444106,"y":0.78914064},"deltaImage":"not-really-an-image.png"},{"modelPosition":{"x":-109.805664,"y":44.890034,"z":-91.43668},"screenPosition":{"x":0.68085605,"y":0.81955016},"deltaImage":"not-really-an-image.png"},{"modelPosition":{"x":-109.45741,"y":42.689365,"z":-90.59001},"screenPosition":{"x":0.70961267,"y":0.8312541},"deltaImage":"not-really-an-image.png"},{"modelPosition":null,"screenPosition":null,"deltaImage":null},{"modelPosition":{"x":-114.660934,"y":56.752476,"z":-94.99056},"screenPosition":{"x":0.51865196,"y":0.84937495},"deltaImage":"not-really-an-image.png"},{"modelPosition":{"x":-114.660934,"y":56.752476,"z":-94.99056},"screenPosition":{"x":0.51865196,"y":0.84937495},"deltaImage":"not-really-an-image.png"},{"modelPosition":{"x":-104.0536,"y":34.24859,"z":-88.72223},"screenPosition":{"x":0.8297385,"y":0.7491695},"deltaImage":"not-really-an-image.png"},{"modelPosition":{"x":-102.21292,"y":32.826042,"z":-88.722824},"screenPosition":{"x":0.8522303,"y":0.70630944},"deltaImage":"not-really-an-image.png"},{"modelPosition":{"x":-114.660934,"y":56.752476,"z":-94.99056},"screenPosition":{"x":0.51865196,"y":0.84937495},"deltaImage":"not-really-an-image.png"},{"modelPosition":{"x":-114.660934,"y":56.752476,"z":-94.99056},"screenPosition":{"x":0.51865196,"y":0.84937495},"deltaImage":"not-really-an-image.png"},{"modelPosition":{"x":-106.65303,"y":30.625853,"z":-86.25244},"screenPosition":{"x":0.8694124,"y":0.8674654},"deltaImage":"not-really-an-image.png"},{"modelPosition":{"x":-114.660934,"y":56.752476,"z":-94.99056},"screenPosition":{"x":0.51865196,"y":0.84937495},"deltaImage":"not-really-an-image.png"},{"modelPosition":{"x":-107.58912,"y":34.45022,"z":-87.61158},"screenPosition":{"x":0.81863916,"y":0.8574542},"deltaImage":"not-really-an-image.png"},{"modelPosition":{"x":-105.26148,"y":35.362442,"z":-88.800896},"screenPosition":{"x":0.81269115,"y":0.7754452},"deltaImage":"not-really-an-image.png"},{"modelPosition":null,"screenPosition":null,"deltaImage":null},{"modelPosition":{"x":-102.658844,"y":31.215866,"z":-87.86569},"screenPosition":{"x":0.8715779,"y":0.7367443},"deltaImage":"not-really-an-image.png"},{"modelPosition":{"x":-103.50574,"y":29.310524,"z":-86.74318},"screenPosition":{"x":0.89339375,"y":0.78252923},"deltaImage":"not-really-an-image.png"},{"modelPosition":{"x":-114.660934,"y":56.752476,"z":-94.99056},"screenPosition":{"x":0.51865196,"y":0.84937495},"deltaImage":"not-really-an-image.png"},{"modelPosition":null,"screenPosition":null,"deltaImage":null},{"modelPosition":{"x":-109.13427,"y":31.17626,"z":-85.65225},"screenPosition":{"x":0.856436,"y":0.9392654},"deltaImage":"not-really-an-image.png"},{"modelPosition":{"x":-114.660934,"y":56.752476,"z":-94.99056},"screenPosition":{"x":0.51865196,"y":0.84937495},"deltaImage":"not-really-an-image.png"},{"modelPosition":{"x":-110.28943,"y":34.785954,"z":-86.84299},"screenPosition":{"x":0.8078566,"y":0.93829393},"deltaImage":"not-really-an-image.png"},{"modelPosition":null,"screenPosition":null,"deltaImage":null},{"modelPosition":{"x":-108.76092,"y":38.28803,"z":-88.896675},"screenPosition":{"x":0.7671259,"y":0.854662},"deltaImage":"not-really-an-image.png"},{"modelPosition":{"x":-106.41664,"y":38.972137,"z":-89.99163},"screenPosition":{"x":0.76411176,"y":0.7744737},"deltaImage":"not-really-an-image.png"},{"modelPosition":{"x":-114.660934,"y":56.752476,"z":-94.99056},"screenPosition":{"x":0.51865196,"y":0.84937495},"deltaImage":"not-really-an-image.png"},{"modelPosition":null,"screenPosition":null,"deltaImage":null},{"modelPosition":{"x":-114.660934,"y":56.752476,"z":-94.99056},"screenPosition":{"x":0.51865196,"y":0.84937495},"deltaImage":"not-really-an-image.png"},{"modelPosition":{"x":-98.843735,"y":34.90557,"z":-90.77712},"screenPosition":{"x":0.83399147,"y":0.57981735},"deltaImage":"not-really-an-image.png"},{"modelPosition":{"x":-97.41785,"y":36.596157,"z":-92.00185},"screenPosition":{"x":0.8159914,"y":0.5179703},"deltaImage":"not-really-an-image.png"},{"modelPosition":{"x":-97.840416,"y":38.528465,"z":-92.705666},"screenPosition":{"x":0.7904594,"y":0.51133883},"deltaImage":"not-really-an-image.png"},{"modelPosition":{"x":-99.37107,"y":40.205933,"z":-92.92196},"screenPosition":{"x":0.7654255,"y":0.54190856},"deltaImage":"not-really-an-image.png"},{"modelPosition":{"x":-101.906105,"y":40.850273,"z":-92.34471},"screenPosition":{"x":0.751185,"y":0.61442304},"deltaImage":"not-really-an-image.png"},{"modelPosition":{"x":-103.40631,"y":38.891323,"z":-90.97712},"screenPosition":{"x":0.7724097,"y":0.68134254},"deltaImage":"not-really-an-image.png"},{"modelPosition":{"x":-102.98374,"y":36.959015,"z":-90.27331},"screenPosition":{"x":0.7979417,"y":0.68797404},"deltaImage":"not-really-an-image.png"},{"modelPosition":{"x":-114.660934,"y":56.752476,"z":-94.99056},"screenPosition":{"x":0.51865196,"y":0.84937495},"deltaImage":"not-really-an-image.png"},{"modelPosition":{"x":-114.660934,"y":56.752476,"z":-94.99056},"screenPosition":{"x":0.51865196,"y":0.84937495},"deltaImage":"not-really-an-image.png"},{"modelPosition":{"x":-97.396255,"y":34.368687,"z":-91.032646},"screenPosition":{"x":0.84429884,"y":0.540145},"deltaImage":"not-really-an-image.png"},{"modelPosition":{"x":-95.00597,"y":33.77803,"z":-91.58434},"screenPosition":{"x":0.85756606,"y":0.4715967},"deltaImage":"not-really-an-image.png"},{"modelPosition":{"x":-93.52133,"y":33.375328,"z":-91.9113},"screenPosition":{"x":0.8662611,"y":0.42938808},"deltaImage":"not-really-an-image.png"},{"modelPosition":{"x":-92.42882,"y":31.268515,"z":-91.35819},"screenPosition":{"x":0.8956253,"y":0.41689885},"deltaImage":"not-really-an-image.png"},{"modelPosition":{"x":-93.92513,"y":29.899977,"z":-90.25076},"screenPosition":{"x":0.90937006,"y":0.47764063},"deltaImage":"not-really-an-image.png"},{"modelPosition":null,"screenPosition":null,"deltaImage":null},{"modelPosition":{"x":-114.90442,"y":55.58509,"z":-94.39621},"screenPosition":{"x":0.532859,"y":0.868711},"deltaImage":"not-really-an-image.png"},{"modelPosition":{"x":-114.660934,"y":56.752476,"z":-94.99056},"screenPosition":{"x":0.51865196,"y":0.84937495},"deltaImage":"not-really-an-image.png"},{"modelPosition":{"x":-93.48524,"y":36.09928,"z":-93.11772},"screenPosition":{"x":0.8316494,"y":0.40038806},"deltaImage":"not-really-an-image.png"},{"modelPosition":{"x":-94.399734,"y":37.696175,"z":-93.50766},"screenPosition":{"x":0.8091219,"y":0.41257903},"deltaImage":"not-really-an-image.png"},{"modelPosition":{"x":-95.00421,"y":39.547985,"z":-94.114494},"screenPosition":{"x":0.78420216,"y":0.41244462},"deltaImage":"not-really-an-image.png"},{"modelPosition":{"x":-95.174446,"y":41.238735,"z":-94.79798},"screenPosition":{"x":0.76252073,"y":0.40032598},"deltaImage":"not-really-an-image.png"},{"modelPosition":{"x":-95.39847,"y":43.02342,"z":-95.50442},"screenPosition":{"x":0.73934096,"y":0.3890118},"deltaImage":"not-really-an-image.png"},{"modelPosition":{"x":-95.25868,"y":44.969086,"z":-96.4048},"screenPosition":{"x":0.71499807,"y":0.36469066},"deltaImage":"not-really-an-image.png"},{"modelPosition":{"x":-95.809364,"y":46.726967,"z":-96.9887},"screenPosition":{"x":0.6912862,"y":0.36393446},"deltaImage":"not-really-an-image.png"},{"modelPosition":{"x":-114.660934,"y":56.752476,"z":-94.99056},"screenPosition":{"x":0.51865196,"y":0.84937495},"deltaImage":"not-really-an-image.png"},{"modelPosition":{"x":-99.29888,"y":45.653835,"z":-95.3348},"screenPosition":{"x":0.6965512,"y":0.48377177},"deltaImage":"not-really-an-image.png"},{"modelPosition":{"x":-99.69101,"y":43.949726,"z":-94.454735},"screenPosition":{"x":0.7172203,"y":0.51349115},"deltaImage":"not-really-an-image.png"},{"modelPosition":{"x":-99.92175,"y":41.96381,"z":-93.50586},"screenPosition":{"x":0.74185395,"y":0.541064},"deltaImage":"not-really-an-image.png"},{"modelPosition":{"x":-99.84247,"y":40.232815,"z":-92.77387},"screenPosition":{"x":0.764003,"y":0.55634546},"deltaImage":"not-really-an-image.png"},{"modelPosition":{"x":-114.660934,"y":56.752476,"z":-94.99056},"screenPosition":{"x":0.51865196,"y":0.84937495},"deltaImage":"not-really-an-image.png"},{"modelPosition":{"x":-98.48877,"y":36.4755,"z":-91.58576},"screenPosition":{"x":0.8149347,"y":0.5526342},"deltaImage":"not-really-an-image.png"},{"modelPosition":{"x":-114.660934,"y":56.752476,"z":-94.99056},"screenPosition":{"x":0.51865196,"y":0.84937495},"deltaImage":"not-really-an-image.png"},{"modelPosition":{"x":-94.2295,"y":36.005424,"z":-92.824165},"screenPosition":{"x":0.83118767,"y":0.42451337},"deltaImage":"not-really-an-image.png"},{"modelPosition":{"x":-94.74303,"y":37.897484,"z":-93.47949},"screenPosition":{"x":0.80594647,"y":0.42113364},"deltaImage":"not-really-an-image.png"},{"modelPosition":{"x":-95.43845,"y":39.709053,"z":-94.037834},"screenPosition":{"x":0.78099865,"y":0.424391},"deltaImage":"not-really-an-image.png"},{"modelPosition":{"x":-114.660934,"y":56.752476,"z":-94.99056},"screenPosition":{"x":0.51865196,"y":0.84937495},"deltaImage":"not-really-an-image.png"},{"modelPosition":{"x":-97.358406,"y":42.86259,"z":-94.76922},"screenPosition":{"x":0.73664594,"y":0.4518361},"deltaImage":"not-really-an-image.png"},{"modelPosition":{"x":-98.67388,"y":44.164318,"z":-94.89376},"screenPosition":{"x":0.71695554,"y":0.47954276},"deltaImage":"not-really-an-image.png"},{"modelPosition":{"x":-98.19149,"y":37.54895,"z":-92.15718},"screenPosition":{"x":0.8020363,"y":0.5323443},"deltaImage":"not-really-an-image.png"},{"modelPosition":{"x":-97.930305,"y":35.89845,"z":-91.52218},"screenPosition":{"x":0.82311344,"y":0.5411307},"deltaImage":"not-really-an-image.png"},{"modelPosition":{"x":-97.36299,"y":33.912453,"z":-90.84392},"screenPosition":{"x":0.8497802,"y":0.5437895},"deltaImage":"not-really-an-image.png"},{"modelPosition":{"x":-97.883224,"y":32.033916,"z":-89.84393},"screenPosition":{"x":0.87185675,"y":0.5792121},"deltaImage":"not-really-an-image.png"},{"modelPosition":null,"screenPosition":null,"deltaImage":null},{"modelPosition":{"x":-98.593155,"y":28.894058,"z":-88.226654},"screenPosition":{"x":0.9108523,"y":0.6336601},"deltaImage":"not-really-an-image.png"},{"modelPosition":{"x":-114.660934,"y":56.752476,"z":-94.99056},"screenPosition":{"x":0.51865196,"y":0.84937495},"deltaImage":"not-really-an-image.png"},{"modelPosition":{"x":-100.58919,"y":26.009281,"z":-86.285034},"screenPosition":{"x":0.94262314,"y":0.72555226},"deltaImage":"not-really-an-image.png"},{"modelPosition":{"x":-102.01118,"y":24.909105,"z":-85.32046},"screenPosition":{"x":0.9531433,"y":0.78122157},"deltaImage":"not-really-an-image.png"},{"modelPosition":{"x":-104.169655,"y":24.895905,"z":-84.58264},"screenPosition":{"x":0.948096,"y":0.8487286},"deltaImage":"not-really-an-image.png"},{"modelPosition":{"x":-106.70858,"y":24.949833,"z":-83.74523},"screenPosition":{"x":0.9405052,"y":0.92672646},"deltaImage":"not-really-an-image.png"},{"modelPosition":{"x":-114.660934,"y":56.752476,"z":-94.99056},"screenPosition":{"x":0.51865196,"y":0.84937495},"deltaImage":"not-really-an-image.png"},{"modelPosition":null,"screenPosition":null,"deltaImage":null},{"modelPosition":{"x":-104.32043,"y":29.538721,"z":-86.566925},"screenPosition":{"x":0.8887235,"y":0.8057302},"deltaImage":"not-really-an-image.png"},{"modelPosition":{"x":-103.407,"y":30.531597,"z":-87.31198},"screenPosition":{"x":0.8784503,"y":0.7671152},"deltaImage":"not-really-an-image.png"},{"modelPosition":{"x":-102.07207,"y":32.18194,"z":-88.48822},"screenPosition":{"x":0.86013603,"y":0.7082339},"deltaImage":"not-really-an-image.png"},{"modelPosition":null,"screenPosition":null,"deltaImage":null},{"modelPosition":{"x":-97.94976,"y":32.94638,"z":-90.22139},"screenPosition":{"x":0.8609355,"y":0.5720058},"deltaImage":"not-really-an-image.png"},{"modelPosition":{"x":-96.043625,"y":33.20114,"z":-90.97953},"screenPosition":{"x":0.8623769,"y":0.50990206},"deltaImage":"not-really-an-image.png"},{"modelPosition":{"x":-94.07484,"y":31.953022,"z":-91.100044},"screenPosition":{"x":0.8829657,"y":0.46125394},"deltaImage":"not-really-an-image.png"},{"modelPosition":{"x":-92.13932,"y":31.161137,"z":-91.409294},"screenPosition":{"x":0.8974732,"y":0.40904164},"deltaImage":"not-really-an-image.png"},{"modelPosition":{"x":-91.71675,"y":29.22883,"z":-90.70548},"screenPosition":{"x":0.9231631,"y":0.4156138},"deltaImage":"not-really-an-image.png"},{"modelPosition":{"x":-92.38174,"y":27.40398,"z":-89.67994},"screenPosition":{"x":0.94476026,"y":0.4550704},"deltaImage":"not-really-an-image.png"},{"modelPosition":{"x":-114.660934,"y":56.752476,"z":-94.99056},"screenPosition":{"x":0.51865196,"y":0.84937495},"deltaImage":"not-really-an-image.png"},{"modelPosition":{"x":-96.03653,"y":26.022242,"z":-87.8347},"screenPosition":{"x":0.9534577,"y":0.58331925},"deltaImage":"not-really-an-image.png"},{"modelPosition":{"x":-97.79792,"y":25.713793,"z":-87.10212},"screenPosition":{"x":0.9531149,"y":0.6414608},"deltaImage":"not-really-an-image.png"},{"modelPosition":{"x":-114.660934,"y":56.752476,"z":-94.99056},"screenPosition":{"x":0.51865196,"y":0.84937495},"deltaImage":"not-really-an-image.png"},{"modelPosition":{"x":-101.26409,"y":28.183146,"z":-87.00916},"screenPosition":{"x":0.91341734,"y":0.72431904},"deltaImage":"not-really-an-image.png"},{"modelPosition":{"x":-101.54191,"y":30.061764,"z":-87.73853},"screenPosition":{"x":0.8889161,"y":0.7137204},"deltaImage":"not-really-an-image.png"},{"modelPosition":{"x":-114.660934,"y":56.752476,"z":-94.99056},"screenPosition":{"x":0.51865196,"y":0.84937495},"deltaImage":"not-really-an-image.png"},{"modelPosition":{"x":-99.454926,"y":32.986786,"z":-89.728645},"screenPosition":{"x":0.85648346,"y":0.6184975},"deltaImage":"not-really-an-image.png"},{"modelPosition":{"x":-97.491104,"y":33.738026,"z":-90.724},"screenPosition":{"x":0.8515511,"y":0.54956955},"deltaImage":"not-really-an-image.png"},{"modelPosition":null,"screenPosition":null,"deltaImage":null},{"modelPosition":{"x":-93.61617,"y":32.744667,"z":-91.60265},"screenPosition":{"x":0.87348527,"y":0.43898267},"deltaImage":"not-really-an-image.png"},{"modelPosition":{"x":-91.42832,"y":31.711224,"z":-91.89158},"screenPosition":{"x":0.8924267,"y":0.3811297},"deltaImage":"not-really-an-image.png"},{"modelPosition":{"x":-114.660934,"y":56.752476,"z":-94.99056},"screenPosition":{"x":0.51865196,"y":0.84937495},"deltaImage":"not-really-an-image.png"},{"modelPosition":{"x":-89.983665,"y":27.994154,"z":-90.75195},"screenPosition":{"x":0.9429035,"y":0.37423316},"deltaImage":"not-really-an-image.png"},{"modelPosition":{"x":-91.008575,"y":26.598734,"z":-89.79262},"screenPosition":{"x":0.95742726,"y":0.42071787},"deltaImage":"not-really-an-image.png"},{"modelPosition":{"x":-92.753334,"y":26.062168,"z":-88.96567},"screenPosition":{"x":0.96088326,"y":0.48043284},"deltaImage":"not-really-an-image.png"},{"modelPosition":{"x":-114.660934,"y":56.752476,"z":-94.99056},"screenPosition":{"x":0.51865196,"y":0.84937495},"deltaImage":"not-really-an-image.png"},{"modelPosition":null,"screenPosition":null,"deltaImage":null},{"modelPosition":{"x":-114.660934,"y":56.752476,"z":-94.99056},"screenPosition":{"x":0.51865196,"y":0.84937495},"deltaImage":"not-really-an-image.png"},{"modelPosition":{"x":-99.77167,"y":28.961267,"z":-87.85644},"screenPosition":{"x":0.90715253,"y":0.669755},"deltaImage":"not-really-an-image.png"},{"modelPosition":{"x":-101.74435,"y":29.618973,"z":-87.47576},"screenPosition":{"x":0.89354974,"y":0.7243469},"deltaImage":"not-really-an-image.png"},{"modelPosition":{"x":-103.902824,"y":29.60577,"z":-86.737946},"screenPosition":{"x":0.8889964,"y":0.79208785},"deltaImage":"not-really-an-image.png"},{"modelPosition":{"x":-105.92044,"y":28.948467,"z":-85.765526},"screenPosition":{"x":0.8924598,"y":0.8618054},"deltaImage":"not-really-an-image.png"},{"modelPosition":{"x":-107.65246,"y":27.593372,"z":-84.58406},"screenPosition":{"x":0.9054646,"y":0.9297661},"deltaImage":"not-really-an-image.png"},{"modelPosition":{"x":-106.79565,"y":25.5,"z":-83.9569},"screenPosition":{"x":0.9340888,"y":0.9244959},"deltaImage":"not-really-an-image.png"},{"modelPosition":null,"screenPosition":null,"deltaImage":null},{"modelPosition":{"x":-102.5608,"y":24.077213,"z":-84.76936},"screenPosition":{"x":0.9623679,"y":0.80690974},"deltaImage":"not-really-an-image.png"},{"modelPosition":{"x":-100.63802,"y":24.103859,"z":-85.43313},"screenPosition":{"x":0.9666752,"y":0.74662167},"deltaImage":"not-really-an-image.png"},{"modelPosition":{"x":-98.76904,"y":24.224438,"z":-86.11984},"screenPosition":{"x":0.96966106,"y":0.68704915},"deltaImage":"not-really-an-image.png"},{"modelPosition":{"x":-97.06144,"y":24.626822,"z":-86.87536},"screenPosition":{"x":0.96868235,"y":0.62962306},"deltaImage":"not-really-an-image.png"},{"modelPosition":{"x":-94.95676,"y":24.733957,"z":-87.63611},"screenPosition":{"x":0.9724081,"y":0.5628315},"deltaImage":"not-really-an-image.png"},{"modelPosition":{"x":-93.286316,"y":25.002161,"z":-88.320206},"screenPosition":{"x":0.9730417,"y":0.5079417},"deltaImage":"not-really-an-image.png"},{"modelPosition":{"x":-114.660934,"y":56.752476,"z":-94.99056},"screenPosition":{"x":0.51865196,"y":0.84937495},"deltaImage":"not-really-an-image.png"},{"modelPosition":{"x":-89.974815,"y":26.58521,"z":-90.137276},"screenPosition":{"x":0.9609613,"y":0.3883429},"deltaImage":"not-really-an-image.png"},{"modelPosition":{"x":-114.660934,"y":56.752476,"z":-94.99056},"screenPosition":{"x":0.51865196,"y":0.84937495},"deltaImage":"not-really-an-image.png"},{"modelPosition":{"x":-86.48919,"y":27.067928,"z":-91.53101},"screenPosition":{"x":0.96325916,"y":0.274596},"deltaImage":"not-really-an-image.png"},{"modelPosition":{"x":-84.63295,"y":28.007036,"z":-92.57224},"screenPosition":{"x":0.9558312,"y":0.20702499},"deltaImage":"not-really-an-image.png"},{"modelPosition":{"x":-91.18095,"y":33.46902,"z":-92.74609},"screenPosition":{"x":0.8707269,"y":0.35537755},"deltaImage":"not-really-an-image.png"},{"modelPosition":{"x":-90.3574,"y":31.831882,"z":-92.30767},"screenPosition":{"x":0.89348346,"y":0.34646583},"deltaImage":"not-really-an-image.png"},{"modelPosition":{"x":-89.678604,"y":30.248432,"z":-91.84369},"screenPosition":{"x":0.91520554,"y":0.34152326},"deltaImage":"not-really-an-image.png"},{"modelPosition":{"x":-89.7646,"y":28.208828,"z":-90.920364},"screenPosition":{"x":0.94087374,"y":0.36512697},"deltaImage":"not-really-an-image.png"},{"modelPosition":{"x":-91.51325,"y":27.08185,"z":-89.83326},"screenPosition":{"x":0.9501722,"y":0.4314724},"deltaImage":"not-really-an-image.png"},{"modelPosition":{"x":-93.89079,"y":26.853973,"z":-88.92704},"screenPosition":{"x":0.94809127,"y":0.50781375},"deltaImage":"not-really-an-image.png"},{"modelPosition":{"x":-95.789154,"y":27.78004,"z":-88.68922},"screenPosition":{"x":0.93175787,"y":0.5575671},"deltaImage":"not-really-an-image.png"},{"modelPosition":{"x":-97.356964,"y":29.323326,"z":-88.83408},"screenPosition":{"x":0.9083937,"y":0.590672},"deltaImage":"not-really-an-image.png"},{"modelPosition":{"x":-98.28809,"y":31.148335,"z":-89.31838},"screenPosition":{"x":0.88299406,"y":0.60101473},"deltaImage":"not-really-an-image.png"},{"modelPosition":{"x":-98.51212,"y":32.933018,"z":-90.02482},"screenPosition":{"x":0.8592945,"y":0.5896347},"deltaImage":"not-really-an-image.png"},{"modelPosition":{"x":-114.660934,"y":56.752476,"z":-94.99056},"screenPosition":{"x":0.51865196,"y":0.84937495},"deltaImage":"not-really-an-image.png"},{"modelPosition":{"x":-114.660934,"y":56.752476,"z":-94.99056},"screenPosition":{"x":0.51865196,"y":0.84937495},"deltaImage":"not-really-an-image.png"},{"modelPosition":{"x":-97.24479,"y":38.085594,"z":-92.71351},"screenPosition":{"x":0.7971611,"y":0.49735302},"deltaImage":"not-really-an-image.png"},{"modelPosition":{"x":-96.182724,"y":39.615196,"z":-93.74428},"screenPosition":{"x":0.7804871,"y":0.44852215},"deltaImage":"not-really-an-image.png"},{"modelPosition":{"x":-94.07025,"y":40.90316,"z":-95.025345},"screenPosition":{"x":0.7694451,"y":0.36930358},"deltaImage":"not-really-an-image.png"},{"modelPosition":{"x":-114.660934,"y":56.752476,"z":-94.99056},"screenPosition":{"x":0.51865196,"y":0.84937495},"deltaImage":"not-really-an-image.png"},{"modelPosition":{"x":-90.575775,"y":39.976936,"z":-95.804405},"screenPosition":{"x":0.7896367,"y":0.26973292},"deltaImage":"not-really-an-image.png"},{"modelPosition":{"x":-114.660934,"y":56.752476,"z":-94.99056},"screenPosition":{"x":0.51865196,"y":0.84937495},"deltaImage":"not-really-an-image.png"},{"modelPosition":{"x":-114.660934,"y":56.752476,"z":-94.99056},"screenPosition":{"x":0.51865196,"y":0.84937495},"deltaImage":"not-really-an-image.png"},{"modelPosition":{"x":-86.78189,"y":34.94462,"z":-94.884895},"screenPosition":{"x":0.862637,"y":0.20293558},"deltaImage":"not-really-an-image.png"},{"modelPosition":null,"screenPosition":null,"deltaImage":null},{"modelPosition":{"x":-88.00038,"y":31.697462,"z":-93.048096},"screenPosition":{"x":0.900883,"y":0.27427605},"deltaImage":"not-really-an-image.png"},{"modelPosition":{"x":-89.40575,"y":30.369171,"z":-91.98916},"screenPosition":{"x":0.914337,"y":0.3317661},"deltaImage":"not-really-an-image.png"},{"modelPosition":{"x":-91.26198,"y":29.430063,"z":-90.94793},"screenPosition":{"x":0.9217649,"y":0.3993371},"deltaImage":"not-really-an-image.png"},{"modelPosition":{"x":-93.3833,"y":29.55104,"z":-90.28155},"screenPosition":{"x":0.9145388,"y":0.464425},"deltaImage":"not-really-an-image.png"},{"modelPosition":{"x":-95.389244,"y":30.664978,"z":-90.0896},"screenPosition":{"x":0.89612883,"y":0.51549226},"deltaImage":"not-really-an-image.png"},{"modelPosition":{"x":-97.159485,"y":31.765472,"z":-89.971695},"screenPosition":{"x":0.8775074,"y":0.55944365},"deltaImage":"not-really-an-image.png"},{"modelPosition":{"x":-98.92584,"y":33.456383,"z":-90.11395},"screenPosition":{"x":0.85217595,"y":0.5972453},"deltaImage":"not-really-an-image.png"},{"modelPosition":null,"screenPosition":null,"deltaImage":null},{"modelPosition":{"x":-114.660934,"y":56.752476,"z":-94.99056},"screenPosition":{"x":0.51865196,"y":0.84937495},"deltaImage":"not-really-an-image.png"},{"modelPosition":{"x":-96.9514,"y":38.56863,"z":-93.02477},"screenPosition":{"x":0.7919735,"y":0.48320708},"deltaImage":"not-really-an-image.png"},{"modelPosition":{"x":-95.889336,"y":40.098232,"z":-94.05554},"screenPosition":{"x":0.77526075,"y":0.43433836},"deltaImage":"not-really-an-image.png"},{"modelPosition":{"x":-95.08349,"y":41.27898,"z":-94.84647},"screenPosition":{"x":0.76222855,"y":0.3970751},"deltaImage":"not-really-an-image.png"},{"modelPosition":{"x":-93.65371,"y":43.559982,"z":-96.33136},"screenPosition":{"x":0.73674995,"y":0.3290495},"deltaImage":"not-really-an-image.png"},{"modelPosition":{"x":-94.564316,"y":45.74729,"z":-96.98145},"screenPosition":{"x":0.70680416,"y":0.33503526},"deltaImage":"not-really-an-image.png"},{"modelPosition":{"x":-95.56977,"y":47.303936,"z":-97.3229},"screenPosition":{"x":0.68462914,"y":0.3504505},"deltaImage":"not-really-an-image.png"},{"modelPosition":{"x":-96.666176,"y":48.820335,"z":-97.61585},"screenPosition":{"x":0.6627449,"y":0.36911744},"deltaImage":"not-really-an-image.png"},{"modelPosition":{"x":-97.99828,"y":50.35018,"z":-97.83477},"screenPosition":{"x":0.6401207,"y":0.39500335},"deltaImage":"not-really-an-image.png"},{"modelPosition":{"x":-99.35092,"y":51.517723,"z":-97.887886},"screenPosition":{"x":0.6220426,"y":0.42524627},"deltaImage":"not-really-an-image.png"},{"modelPosition":{"x":-100.241,"y":54.06733,"z":-98.70377},"screenPosition":{"x":0.5826512,"y":0.40140474},"deltaImage":"not-really-an-image.png"},{"modelPosition":{"x":-101.70511,"y":54.83233,"z":-98.54261},"screenPosition":{"x":0.5743095,"y":0.4647267},"deltaImage":"not-really-an-image.png"},{"modelPosition":{"x":-114.660934,"y":56.752476,"z":-94.99056},"screenPosition":{"x":0.51865196,"y":0.84937495},"deltaImage":"not-really-an-image.png"},{"modelPosition":{"x":-114.660934,"y":56.752476,"z":-94.99056},"screenPosition":{"x":0.51865196,"y":0.84937495},"deltaImage":"not-really-an-image.png"},{"modelPosition":{"x":-105.9743,"y":59.30112,"z":-99.05388},"screenPosition":{"x":0.5073093,"y":0.55213964},"deltaImage":"not-really-an-image.png"},{"modelPosition":{"x":-107.34357,"y":60.69678,"z":-99.20136},"screenPosition":{"x":0.48630047,"y":0.5805585},"deltaImage":"not-really-an-image.png"},{"modelPosition":{"x":-109.14708,"y":62.25351,"z":-99.27219},"screenPosition":{"x":0.46219322,"y":0.6208857},"deltaImage":"not-really-an-image.png"},{"modelPosition":{"x":-114.660934,"y":56.752476,"z":-94.99056},"screenPosition":{"x":0.51865196,"y":0.84937495},"deltaImage":"not-really-an-image.png"},{"modelPosition":{"x":-114.660934,"y":56.752476,"z":-94.99056},"screenPosition":{"x":0.51865196,"y":0.84937495},"deltaImage":"not-really-an-image.png"},{"modelPosition":null,"screenPosition":null,"deltaImage":null},{"modelPosition":{"x":-114.660934,"y":56.752476,"z":-94.99056},"screenPosition":{"x":0.51865196,"y":0.84937495},"deltaImage":"not-really-an-image.png"},{"modelPosition":{"x":-114.660934,"y":56.752476,"z":-94.99056},"screenPosition":{"x":0.51865196,"y":0.84937495},"deltaImage":"not-really-an-image.png"},{"modelPosition":{"x":-115.94565,"y":73.727005,"z":-101.996506},"screenPosition":{"x":0.3004874,"y":0.71519417},"deltaImage":"not-really-an-image.png"},{"modelPosition":{"x":-117.81959,"y":75.60578,"z":-102.18464},"screenPosition":{"x":0.27202243,"y":0.75448394},"deltaImage":"not-really-an-image.png"},{"modelPosition":{"x":-118.923775,"y":75.94136,"z":-101.957275},"screenPosition":{"x":0.26505095,"y":0.7855356},"deltaImage":"not-really-an-image.png"},{"modelPosition":{"x":-120.03682,"y":77.685875,"z":-102.3446},"screenPosition":{"x":0.24012607,"y":0.80248284},"deltaImage":"not-really-an-image.png"},{"modelPosition":{"x":-121.947914,"y":79.43047,"z":-102.461296},"screenPosition":{"x":0.2133789,"y":0.8442377},"deltaImage":"not-really-an-image.png"},{"modelPosition":{"x":-122.188576,"y":81.44327,"z":-103.26209},"screenPosition":{"x":0.18726532,"y":0.8311028},"deltaImage":"not-really-an-image.png"},{"modelPosition":{"x":-123.40531,"y":83.96607,"z":-103.955444},"screenPosition":{"x":0.15192623,"y":0.81567454},"deltaImage":"not-really-an-image.png"},{"modelPosition":{"x":-124.700264,"y":85.6301,"z":-104.24578},"screenPosition":{"x":0.12791778,"y":0.8387658},"deltaImage":"not-really-an-image.png"},{"modelPosition":{"x":-114.660934,"y":56.752476,"z":-94.99056},"screenPosition":{"x":0.51865196,"y":0.84937495},"deltaImage":"not-really-an-image.png"},{"modelPosition":null,"screenPosition":null,"deltaImage":null},{"modelPosition":{"x":-114.660934,"y":56.752476,"z":-94.99056},"screenPosition":{"x":0.51865196,"y":0.84937495},"deltaImage":"not-really-an-image.png"},{"modelPosition":{"x":-114.660934,"y":56.752476,"z":-94.99056},"screenPosition":{"x":0.51865196,"y":0.84937495},"deltaImage":"not-really-an-image.png"},{"modelPosition":{"x":-114.660934,"y":56.752476,"z":-94.99056},"screenPosition":{"x":0.51865196,"y":0.84937495},"deltaImage":"not-really-an-image.png"},{"modelPosition":null,"screenPosition":null,"deltaImage":null},{"modelPosition":{"x":-114.660934,"y":56.752476,"z":-94.99056},"screenPosition":{"x":0.51865196,"y":0.84937495},"deltaImage":"not-really-an-image.png"},{"modelPosition":{"x":-114.660934,"y":56.752476,"z":-94.99056},"screenPosition":{"x":0.51865196,"y":0.84937495},"deltaImage":"not-really-an-image.png"},{"modelPosition":{"x":-114.660934,"y":56.752476,"z":-94.99056},"screenPosition":{"x":0.51865196,"y":0.84937495},"deltaImage":"not-really-an-image.png"},{"modelPosition":null,"screenPosition":null,"deltaImage":null},{"modelPosition":{"x":-114.660934,"y":56.752476,"z":-94.99056},"screenPosition":{"x":0.51865196,"y":0.84937495},"deltaImage":"not-really-an-image.png"},{"modelPosition":{"x":-114.660934,"y":56.752476,"z":-94.99056},"screenPosition":{"x":0.51865196,"y":0.84937495},"deltaImage":"not-really-an-image.png"},{"modelPosition":{"x":-114.660934,"y":56.752476,"z":-94.99056},"screenPosition":{"x":0.51865196,"y":0.84937495},"deltaImage":"not-really-an-image.png"},{"modelPosition":null,"screenPosition":null,"deltaImage":null},{"modelPosition":{"x":-114.660934,"y":56.752476,"z":-94.99056},"screenPosition":{"x":0.51865196,"y":0.84937495},"deltaImage":"not-really-an-image.png"},{"modelPosition":{"x":-114.660934,"y":56.752476,"z":-94.99056},"screenPosition":{"x":0.51865196,"y":0.84937495},"deltaImage":"not-really-an-image.png"},{"modelPosition":{"x":-114.660934,"y":56.752476,"z":-94.99056},"screenPosition":{"x":0.51865196,"y":0.84937495},"deltaImage":"not-really-an-image.png"},{"modelPosition":null,"screenPosition":null,"deltaImage":null},{"modelPosition":{"x":-114.660934,"y":56.752476,"z":-94.99056},"screenPosition":{"x":0.51865196,"y":0.84937495},"deltaImage":"not-really-an-image.png"},{"modelPosition":{"x":-114.660934,"y":56.752476,"z":-94.99056},"screenPosition":{"x":0.51865196,"y":0.84937495},"deltaImage":"not-really-an-image.png"},{"modelPosition":{"x":-114.660934,"y":56.752476,"z":-94.99056},"screenPosition":{"x":0.51865196,"y":0.84937495},"deltaImage":"not-really-an-image.png"},{"modelPosition":null,"screenPosition":null,"deltaImage":null},{"modelPosition":{"x":-114.660934,"y":56.752476,"z":-94.99056},"screenPosition":{"x":0.51865196,"y":0.84937495},"deltaImage":"not-really-an-image.png"},{"modelPosition":{"x":-114.660934,"y":56.752476,"z":-94.99056},"screenPosition":{"x":0.51865196,"y":0.84937495},"deltaImage":"not-really-an-image.png"},{"modelPosition":{"x":-114.660934,"y":56.752476,"z":-94.99056},"screenPosition":{"x":0.51865196,"y":0.84937495},"deltaImage":"not-really-an-image.png"},{"modelPosition":null,"screenPosition":null,"deltaImage":null},{"modelPosition":{"x":-114.660934,"y":56.752476,"z":-94.99056},"screenPosition":{"x":0.51865196,"y":0.84937495},"deltaImage":"not-really-an-image.png"},{"modelPosition":{"x":-114.660934,"y":56.752476,"z":-94.99056},"screenPosition":{"x":0.51865196,"y":0.84937495},"deltaImage":"not-really-an-image.png"},{"modelPosition":{"x":-114.660934,"y":56.752476,"z":-94.99056},"screenPosition":{"x":0.51865196,"y":0.84937495},"deltaImage":"not-really-an-image.png"},{"modelPosition":null,"screenPosition":null,"deltaImage":null},{"modelPosition":{"x":-114.660934,"y":56.752476,"z":-94.99056},"screenPosition":{"x":0.51865196,"y":0.84937495},"deltaImage":"not-really-an-image.png"},{"modelPosition":{"x":-114.660934,"y":56.752476,"z":-94.99056},"screenPosition":{"x":0.51865196,"y":0.84937495},"deltaImage":"not-really-an-image.png"},{"modelPosition":{"x":-114.660934,"y":56.752476,"z":-94.99056},"screenPosition":{"x":0.51865196,"y":0.84937495},"deltaImage":"not-really-an-image.png"},{"modelPosition":null,"screenPosition":null,"deltaImage":null},{"modelPosition":{"x":-114.660934,"y":56.752476,"z":-94.99056},"screenPosition":{"x":0.51865196,"y":0.84937495},"deltaImage":"not-really-an-image.png"},{"modelPosition":{"x":-114.660934,"y":56.752476,"z":-94.99056},"screenPosition":{"x":0.51865196,"y":0.84937495},"deltaImage":"not-really-an-image.png"},{"modelPosition":{"x":-114.660934,"y":56.752476,"z":-94.99056},"screenPosition":{"x":0.51865196,"y":0.84937495},"deltaImage":"not-really-an-image.png"},{"modelPosition":null,"screenPosition":null,"deltaImage":null},{"modelPosition":{"x":-114.660934,"y":56.752476,"z":-94.99056},"screenPosition":{"x":0.51865196,"y":0.84937495},"deltaImage":"not-really-an-image.png"},{"modelPosition":{"x":-114.660934,"y":56.752476,"z":-94.99056},"screenPosition":{"x":0.51865196,"y":0.84937495},"deltaImage":"not-really-an-image.png"},{"modelPosition":{"x":-114.660934,"y":56.752476,"z":-94.99056},"screenPosition":{"x":0.51865196,"y":0.84937495},"deltaImage":"not-really-an-image.png"},{"modelPosition":null,"screenPosition":null,"deltaImage":null},{"modelPosition":{"x":-114.660934,"y":56.752476,"z":-94.99056},"screenPosition":{"x":0.51865196,"y":0.84937495},"deltaImage":"not-really-an-image.png"},{"modelPosition":{"x":-114.660934,"y":56.752476,"z":-94.99056},"screenPosition":{"x":0.51865196,"y":0.84937495},"deltaImage":"not-really-an-image.png"},{"modelPosition":{"x":-114.660934,"y":56.752476,"z":-94.99056},"screenPosition":{"x":0.51865196,"y":0.84937495},"deltaImage":"not-really-an-image.png"},{"modelPosition":null,"screenPosition":null,"deltaImage":null},{"modelPosition":{"x":-114.660934,"y":56.752476,"z":-94.99056},"screenPosition":{"x":0.51865196,"y":0.84937495},"deltaImage":"not-really-an-image.png"},{"modelPosition":{"x":-114.660934,"y":56.752476,"z":-94.99056},"screenPosition":{"x":0.51865196,"y":0.84937495},"deltaImage":"not-really-an-image.png"},{"modelPosition":{"x":-114.660934,"y":56.752476,"z":-94.99056},"screenPosition":{"x":0.51865196,"y":0.84937495},"deltaImage":"not-really-an-image.png"},{"modelPosition":null,"screenPosition":null,"deltaImage":null},{"modelPosition":{"x":-114.660934,"y":56.752476,"z":-94.99056},"screenPosition":{"x":0.51865196,"y":0.84937495},"deltaImage":"not-really-an-image.png"},{"modelPosition":{"x":-114.660934,"y":56.752476,"z":-94.99056},"screenPosition":{"x":0.51865196,"y":0.84937495},"deltaImage":"not-really-an-image.png"},{"modelPosition":{"x":-114.660934,"y":56.752476,"z":-94.99056},"screenPosition":{"x":0.51865196,"y":0.84937495},"deltaImage":"not-really-an-image.png"},{"modelPosition":null,"screenPosition":null,"deltaImage":null},{"modelPosition":{"x":-114.660934,"y":56.752476,"z":-94.99056},"screenPosition":{"x":0.51865196,"y":0.84937495},"deltaImage":"not-really-an-image.png"},{"modelPosition":{"x":-114.660934,"y":56.752476,"z":-94.99056},"screenPosition":{"x":0.51865196,"y":0.84937495},"deltaImage":"not-really-an-image.png"},{"modelPosition":{"x":-114.660934,"y":56.752476,"z":-94.99056},"screenPosition":{"x":0.51865196,"y":0.84937495},"deltaImage":"not-really-an-image.png"},{"modelPosition":null,"screenPosition":null,"deltaImage":null},{"modelPosition":{"x":-114.660934,"y":56.752476,"z":-94.99056},"screenPosition":{"x":0.51865196,"y":0.84937495},"deltaImage":"not-really-an-image.png"},{"modelPosition":{"x":-114.660934,"y":56.752476,"z":-94.99056},"screenPosition":{"x":0.51865196,"y":0.84937495},"deltaImage":"not-really-an-image.png"},{"modelPosition":{"x":-114.660934,"y":56.752476,"z":-94.99056},"screenPosition":{"x":0.51865196,"y":0.84937495},"deltaImage":"not-really-an-image.png"}],"deltaImage":"20190824-074407/brain-CBDC38-0.webp","screenAreaInSqPixels":null,"screenAngle":null}],"cameraMatrix":{"elements":[0.8219879198465029,0.3637229769779626,-0.4382253480170991,0.0,0.4861584632080637,-0.8489280981671872,0.2072945556289795,0.0,-0.2966240183761134,-0.3834405823077819,-0.8746356450327621,0.0,-135.8924173551844,19.318711410742353,-188.35691223985356,1.0]},"baseImage":"20190824-074407/base.webp","version":0,"savedAt":1.566632834813E12,"notes":null}