{
  "startedAt": 1.566714328112E12,
  "surfaces": [
    {
      "brainId": "CBD528",
      "panelName": "F10D",
      "pixels": [
        {
          "modelPosition": null,
          "screenPosition": null,
          "deltaImage": null
        },
        {
          "modelPosition": null,
          "screenPosition": null,
          "deltaImage": null
        },
        {
          "modelPosition": {
            "x": -13.466825,
            "y": 115.139366,
            "z": -20.700773
          },
          "screenPosition": {
            "x": 0.8139917,
            "y": 0.87018335
          },
          "deltaImage": "not-really-an-image.png"
        },
        {
          "modelPosition": {
            "x": -13.545983,
            "y": 114.90706,
            "z": -19.170261
          },
          "screenPosition": {
            "x": 0.7829014,
            "y": 0.8717722
          },
          "deltaImage": "not-really-an-image.png"
        },
        {
          "modelPosition": null,
          "screenPosition": null,
          "deltaImage": null
        },
        {
          "modelPosition": {
            "x": -13.725849,
            "y": 114.379196,
            "z": -14.735985
          },
          "screenPosition": {
            "x": 0.6842961,
            "y": 0.88108915
          },
          "deltaImage": "not-really-an-image.png"
        },
        {
          "modelPosition": {
            "x": -13.892795,
            "y": 113.88928,
            "z": -12.560472
          },
          "screenPosition": {
            "x": 0.62546074,
            "y": 0.87936825
          },
          "deltaImage": "not-really-an-image.png"
        },
        {
          "modelPosition": null,
          "screenPosition": null,
          "deltaImage": null
        },
        {
          "modelPosition": {
            "x": -14.063812,
            "y": 113.38738,
            "z": -8.008484
          },
          "screenPosition": {
            "x": 0.5165609,
            "y": 0.8989177
          },
          "deltaImage": "not-really-an-image.png"
        },
        {
          "modelPosition": {
            "x": -14.413628,
            "y": 112.360855,
            "z": -6.2291617
          },
          "screenPosition": {
            "x": 0.4692522,
            "y": 0.8861549
          },
          "deltaImage": "not-really-an-image.png"
        },
        {
          "modelPosition": {
            "x": -14.498805,
            "y": 112.110886,
            "z": -4.34412
          },
          "screenPosition": {
            "x": 0.42342496,
            "y": 0.89426774
          },
          "deltaImage": "not-really-an-image.png"
        },
        {
          "modelPosition": {
            "x": -14.787012,
            "y": 111.26514,
            "z": -2.276558
          },
          "screenPosition": {
            "x": 0.36861637,
            "y": 0.8882559
          },
          "deltaImage": "not-really-an-image.png"
        },
        {
          "modelPosition": {
            "x": -15.25038,
            "y": 109.90539,
            "z": 0.28975326
          },
          "screenPosition": {
            "x": 0.2972256,
            "y": 0.87235546
          },
          "deltaImage": "not-really-an-image.png"
        },
        {
          "modelPosition": {
            "x": -15.859707,
            "y": 108.1174,
            "z": -2.0002267
          },
          "screenPosition": {
            "x": 0.34320664,
            "y": 0.80792564
          },
          "deltaImage": "not-really-an-image.png"
        },
        {
          "modelPosition": null,
          "screenPosition": null,
          "deltaImage": null
        },
        {
          "modelPosition": null,
          "screenPosition": null,
          "deltaImage": null
        },
        {
          "modelPosition": {
            "x": -15.688894,
            "y": 108.61871,
            "z": -7.8112903
          },
          "screenPosition": {
            "x": 0.48276958,
            "y": 0.77931386
          },
          "deltaImage": "not-really-an-image.png"
        },
        {
          "modelPosition": {
            "x": -15.776327,
            "y": 108.36218,
            "z": -9.994227
          },
          "screenPosition": {
            "x": 0.5301986,
            "y": 0.7580333
          },
          "deltaImage": "not-really-an-image.png"
        },
        {
          "modelPosition": null,
          "screenPosition": null,
          "deltaImage": null
        },
        {
          "modelPosition": {
            "x": -15.40616,
            "y": 109.44846,
            "z": -14.383727
          },
          "screenPosition": {
            "x": 0.6318842,
            "y": 0.7554234
          },
          "deltaImage": "not-really-an-image.png"
        },
        {
          "modelPosition": null,
          "screenPosition": null,
          "deltaImage": null
        },
        {
          "modelPosition": {
            "x": -13.898429,
            "y": 113.87279,
            "z": -15.034531
          },
          "screenPosition": {
            "x": 0.68315333,
            "y": 0.86473
          },
          "deltaImage": "not-really-an-image.png"
        },
        {
          "modelPosition": {
            "x": -13.439878,
            "y": 115.21834,
            "z": -13.1856365
          },
          "screenPosition": {
            "x": 0.6628033,
            "y": 0.9136105
          },
          "deltaImage": "not-really-an-image.png"
        },
        {
          "modelPosition": {
            "x": -13.289783,
            "y": 115.658745,
            "z": -10.725584
          },
          "screenPosition": {
            "x": 0.6136589,
            "y": 0.94119066
          },
          "deltaImage": "not-really-an-image.png"
        },
        {
          "modelPosition": {
            "x": -13.567185,
            "y": 114.8447,
            "z": -8.561777
          },
          "screenPosition": {
            "x": 0.5435426,
            "y": 0.93326384
          },
          "deltaImage": "not-really-an-image.png"
        },
        {
          "modelPosition": {
            "x": -13.925996,
            "y": 113.79178,
            "z": -6.888222
          },
          "screenPosition": {
            "x": 0.49336636,
            "y": 0.91808254
          },
          "deltaImage": "not-really-an-image.png"
        },
        {
          "modelPosition": {
            "x": -14.223055,
            "y": 112.92006,
            "z": -4.928759
          },
          "screenPosition": {
            "x": 0.4422149,
            "y": 0.91083366
          },
          "deltaImage": "not-really-an-image.png"
        },
        {
          "modelPosition": {
            "x": -14.428504,
            "y": 112.31716,
            "z": -3.162086
          },
          "screenPosition": {
            "x": 0.3963938,
            "y": 0.90901047
          },
          "deltaImage": "not-really-an-image.png"
        },
        {
          "modelPosition": {
            "x": -14.682881,
            "y": 111.57069,
            "z": -1.1236593
          },
          "screenPosition": {
            "x": 0.3422039,
            "y": 0.9055116
          },
          "deltaImage": "not-really-an-image.png"
        },
        {
          "modelPosition": null,
          "screenPosition": null,
          "deltaImage": null
        },
        {
          "modelPosition": {
            "x": -15.776118,
            "y": 108.36266,
            "z": -0.2611575
          },
          "screenPosition": {
            "x": 0.30193436,
            "y": 0.8272542
          },
          "deltaImage": "not-really-an-image.png"
        },
        {
          "modelPosition": {
            "x": -15.940899,
            "y": 107.87916,
            "z": -2.4944575
          },
          "screenPosition": {
            "x": 0.3537781,
            "y": 0.79814816
          },
          "deltaImage": "not-really-an-image.png"
        },
        {
          "modelPosition": {
            "x": -16.24671,
            "y": 106.981804,
            "z": -4.261383
          },
          "screenPosition": {
            "x": 0.3906939,
            "y": 0.7625951
          },
          "deltaImage": "not-really-an-image.png"
        },
        {
          "modelPosition": {
            "x": -16.422392,
            "y": 106.4663,
            "z": -5.803715
          },
          "screenPosition": {
            "x": 0.42374945,
            "y": 0.7390127
          },
          "deltaImage": "not-really-an-image.png"
        },
        {
          "modelPosition": {
            "x": -16.630236,
            "y": 105.85643,
            "z": -8.108913
          },
          "screenPosition": {
            "x": 0.47287032,
            "y": 0.7086148
          },
          "deltaImage": "not-really-an-image.png"
        },
        {
          "modelPosition": {
            "x": -16.807932,
            "y": 105.33504,
            "z": -10.891383
          },
          "screenPosition": {
            "x": 0.5315682,
            "y": 0.6782801
          },
          "deltaImage": "not-really-an-image.png"
        },
        {
          "modelPosition": {
            "x": -16.013998,
            "y": 107.66478,
            "z": -11.817369
          },
          "screenPosition": {
            "x": 0.5659097,
            "y": 0.7289124
          },
          "deltaImage": "not-really-an-image.png"
        },
        {
          "modelPosition": {
            "x": -15.3664255,
            "y": 109.565,
            "z": -9.904649
          },
          "screenPosition": {
            "x": 0.5355821,
            "y": 0.7884523
          },
          "deltaImage": "not-really-an-image.png"
        },
        {
          "modelPosition": {
            "x": -15.134137,
            "y": 110.246605,
            "z": -7.7375517
          },
          "screenPosition": {
            "x": 0.4910055,
            "y": 0.8208473
          },
          "deltaImage": "not-really-an-image.png"
        },
        {
          "modelPosition": {
            "x": -14.775945,
            "y": 111.29766,
            "z": -5.7942877
          },
          "screenPosition": {
            "x": 0.45261523,
            "y": 0.86201936
          },
          "deltaImage": "not-really-an-image.png"
        },
        {
          "modelPosition": {
            "x": -15.050834,
            "y": 110.49099,
            "z": -3.173721
          },
          "screenPosition": {
            "x": 0.3856689,
            "y": 0.8609806
          },
          "deltaImage": "not-really-an-image.png"
        },
        {
          "modelPosition": {
            "x": -15.952707,
            "y": 107.84452,
            "z": -3.8432178
          },
          "screenPosition": {
            "x": 0.38589233,
            "y": 0.7875669
          },
          "deltaImage": "not-really-an-image.png"
        },
        {
          "modelPosition": {
            "x": -16.365686,
            "y": 106.63269,
            "z": -5.174804
          },
          "screenPosition": {
            "x": 0.41009286,
            "y": 0.74746394
          },
          "deltaImage": "not-really-an-image.png"
        },
        {
          "modelPosition": {
            "x": -16.502428,
            "y": 106.23148,
            "z": -9.126574
          },
          "screenPosition": {
            "x": 0.49797237,
            "y": 0.7112733
          },
          "deltaImage": "not-really-an-image.png"
        },
        {
          "modelPosition": {
            "x": -16.026627,
            "y": 107.6277,
            "z": -10.337996
          },
          "screenPosition": {
            "x": 0.5333176,
            "y": 0.7376627
          },
          "deltaImage": "not-really-an-image.png"
        },
        {
          "modelPosition": null,
          "screenPosition": null,
          "deltaImage": null
        },
        {
          "modelPosition": {
            "x": -14.347469,
            "y": 112.55506,
            "z": -11.14388
          },
          "screenPosition": {
            "x": 0.58152586,
            "y": 0.85429025
          },
          "deltaImage": "not-really-an-image.png"
        },
        {
          "modelPosition": {
            "x": -13.969682,
            "y": 113.663666,
            "z": -12.605342
          },
          "screenPosition": {
            "x": 0.6223997,
            "y": 0.8722653
          },
          "deltaImage": "not-really-an-image.png"
        },
        {
          "modelPosition": {
            "x": -13.490049,
            "y": 115.07114,
            "z": -14.943687
          },
          "screenPosition": {
            "x": 0.6991388,
            "y": 0.8991608
          },
          "deltaImage": "not-really-an-image.png"
        },
        {
          "modelPosition": {
            "x": -13.677754,
            "y": 114.52037,
            "z": -17.81753
          },
          "screenPosition": {
            "x": 0.7516949,
            "y": 0.86827797
          },
          "deltaImage": "not-really-an-image.png"
        },
        {
          "modelPosition": {
            "x": -14.439236,
            "y": 112.28589,
            "z": -19.399511
          },
          "screenPosition": {
            "x": 0.7563281,
            "y": 0.7945019
          },
          "deltaImage": "not-really-an-image.png"
        },
        {
          "modelPosition": {
            "x": -15.1891985,
            "y": 110.08519,
            "z": -19.64291
          },
          "screenPosition": {
            "x": 0.74387544,
            "y": 0.736814
          },
          "deltaImage": "not-really-an-image.png"
        },
        {
          "modelPosition": {
            "x": -15.952537,
            "y": 107.84522,
            "z": -18.41184
          },
          "screenPosition": {
            "x": 0.7050401,
            "y": 0.6919384
          },
          "deltaImage": "not-really-an-image.png"
        },
        {
          "modelPosition": {
            "x": -16.337132,
            "y": 106.71664,
            "z": -16.610033
          },
          "screenPosition": {
            "x": 0.66130006,
            "y": 0.6763454
          },
          "deltaImage": "not-really-an-image.png"
        },
        {
          "modelPosition": {
            "x": -16.486885,
            "y": 106.27717,
            "z": -14.222893
          },
          "screenPosition": {
            "x": 0.60886735,
            "y": 0.68040466
          },
          "deltaImage": "not-really-an-image.png"
        },
        {
          "modelPosition": {
            "x": -16.472998,
            "y": 106.31788,
            "z": -11.638583
          },
          "screenPosition": {
            "x": 0.55380523,
            "y": 0.6973844
          },
          "deltaImage": "not-really-an-image.png"
        },
        {
          "modelPosition": {
            "x": -15.81411,
            "y": 108.25132,
            "z": -10.4127035
          },
          "screenPosition": {
            "x": 0.5387729,
            "y": 0.75249803
          },
          "deltaImage": "not-really-an-image.png"
        },
        {
          "modelPosition": {
            "x": -14.973094,
            "y": 110.719185,
            "z": -8.7841625
          },
          "screenPosition": {
            "x": 0.51761806,
            "y": 0.8252494
          },
          "deltaImage": "not-really-an-image.png"
        },
        {
          "modelPosition": {
            "x": -14.286694,
            "y": 112.73338,
            "z": -10.069148
          },
          "screenPosition": {
            "x": 0.55888295,
            "y": 0.8666821
          },
          "deltaImage": "not-really-an-image.png"
        },
        {
          "modelPosition": {
            "x": -13.532712,
            "y": 114.94591,
            "z": -12.20205
          },
          "screenPosition": {
            "x": 0.6357402,
            "y": 0.91217023
          },
          "deltaImage": "not-really-an-image.png"
        },
        {
          "modelPosition": {
            "x": -16.970608,
            "y": 104.857864,
            "z": -24.837788
          },
          "screenPosition": {
            "x": 0.81157,
            "y": 0.5876087
          },
          "deltaImage": "not-really-an-image.png"
        },
        {
          "modelPosition": {
            "x": -16.20516,
            "y": 107.10403,
            "z": -26.850613
          },
          "screenPosition": {
            "x": 0.86326116,
            "y": 0.62664616
          },
          "deltaImage": "not-really-an-image.png"
        },
        {
          "modelPosition": {
            "x": -15.410476,
            "y": 109.435974,
            "z": -27.315691
          },
          "screenPosition": {
            "x": 0.88674104,
            "y": 0.6759662
          },
          "deltaImage": "not-really-an-image.png"
        },
        {
          "modelPosition": {
            "x": -14.720667,
            "y": 111.460144,
            "z": -26.119495
          },
          "screenPosition": {
            "x": 0.8802119,
            "y": 0.7422405
          },
          "deltaImage": "not-really-an-image.png"
        },
        {
          "modelPosition": {
            "x": -14.12685,
            "y": 113.20264,
            "z": -25.17742
          },
          "screenPosition": {
            "x": 0.8771244,
            "y": 0.79762846
          },
          "deltaImage": "not-really-an-image.png"
        },
        {
          "modelPosition": {
            "x": -13.475553,
            "y": 115.1138,
            "z": -24.398483
          },
          "screenPosition": {
            "x": 0.8782709,
            "y": 0.8520846
          },
          "deltaImage": "not-really-an-image.png"
        },
        {
          "modelPosition": {
            "x": -12.843584,
            "y": 116.968254,
            "z": -23.827991
          },
          "screenPosition": {
            "x": 0.88222384,
            "y": 0.89930874
          },
          "deltaImage": "not-really-an-image.png"
        },
        {
          "modelPosition": {
            "x": -12.159652,
            "y": 118.97519,
            "z": -23.079426
          },
          "screenPosition": {
            "x": 0.8841365,
            "y": 0.9464242
          },
          "deltaImage": "not-really-an-image.png"
        },
        {
          "modelPosition": {
            "x": -11.639592,
            "y": 120.501236,
            "z": -21.73965
          },
          "screenPosition": {
            "x": 0.8741677,
            "y": 0.98360854
          },
          "deltaImage": "not-really-an-image.png"
        },
        {
          "modelPosition": null,
          "screenPosition": null,
          "deltaImage": null
        },
        {
          "modelPosition": {
            "x": -12.426025,
            "y": 118.19346,
            "z": -17.230536
          },
          "screenPosition": {
            "x": 0.78184104,
            "y": 0.96203077
          },
          "deltaImage": "not-really-an-image.png"
        },
        {
          "modelPosition": {
            "x": -13.199456,
            "y": 115.92388,
            "z": -16.550232
          },
          "screenPosition": {
            "x": 0.74362594,
            "y": 0.91235214
          },
          "deltaImage": "not-really-an-image.png"
        },
        {
          "modelPosition": {
            "x": -13.952547,
            "y": 113.714005,
            "z": -17.238653
          },
          "screenPosition": {
            "x": 0.7291985,
            "y": 0.84835464
          },
          "deltaImage": "not-really-an-image.png"
        },
        {
          "modelPosition": null,
          "screenPosition": null,
          "deltaImage": null
        },
        {
          "modelPosition": {
            "x": -14.656213,
            "y": 111.649216,
            "z": -21.795784
          },
          "screenPosition": {
            "x": 0.7986314,
            "y": 0.76410717
          },
          "deltaImage": "not-really-an-image.png"
        },
        {
          "modelPosition": {
            "x": -13.740466,
            "y": 114.336426,
            "z": -23.718487
          },
          "screenPosition": {
            "x": 0.8606794,
            "y": 0.83492005
          },
          "deltaImage": "not-really-an-image.png"
        },
        {
          "modelPosition": {
            "x": -13.061003,
            "y": 116.330246,
            "z": -22.628078
          },
          "screenPosition": {
            "x": 0.85804135,
            "y": 0.8902941
          },
          "deltaImage": "not-really-an-image.png"
        },
        {
          "modelPosition": null,
          "screenPosition": null,
          "deltaImage": null
        },
        {
          "modelPosition": {
            "x": -13.034238,
            "y": 116.40872,
            "z": -17.932793
          },
          "screenPosition": {
            "x": 0.7758532,
            "y": 0.91667205
          },
          "deltaImage": "not-really-an-image.png"
        },
        {
          "modelPosition": {
            "x": -13.889258,
            "y": 113.89973,
            "z": -17.74434
          },
          "screenPosition": {
            "x": 0.74232566,
            "y": 0.8511626
          },
          "deltaImage": "not-really-an-image.png"
        },
        {
          "modelPosition": {
            "x": -14.622625,
            "y": 111.74774,
            "z": -19.013863
          },
          "screenPosition": {
            "x": 0.7418665,
            "y": 0.7801094
          },
          "deltaImage": "not-really-an-image.png"
        },
        {
          "modelPosition": {
            "x": -15.135133,
            "y": 110.24385,
            "z": -20.252743
          },
          "screenPosition": {
            "x": 0.7570153,
            "y": 0.7367048
          },
          "deltaImage": "not-really-an-image.png"
        },
        {
          "modelPosition": null,
          "screenPosition": null,
          "deltaImage": null
        },
        {
          "modelPosition": {
            "x": -16.228191,
            "y": 107.03639,
            "z": -22.672783
          },
          "screenPosition": {
            "x": 0.78401655,
            "y": 0.6483391
          },
          "deltaImage": "not-really-an-image.png"
        },
        {
          "modelPosition": {
            "x": -16.89914,
            "y": 105.06757,
            "z": -24.450193
          },
          "screenPosition": {
            "x": 0.8055738,
            "y": 0.5943192
          },
          "deltaImage": "not-really-an-image.png"
        },
        {
          "modelPosition": {
            "x": -17.151178,
            "y": 104.32801,
            "z": -26.02982
          },
          "screenPosition": {
            "x": 0.8305449,
            "y": 0.5697091
          },
          "deltaImage": "not-really-an-image.png"
        },
        {
          "modelPosition": {
            "x": -17.617357,
            "y": 102.96005,
            "z": -26.749414
          },
          "screenPosition": {
            "x": 0.8353182,
            "y": 0.5361794
          },
          "deltaImage": "not-really-an-image.png"
        },
        {
          "modelPosition": {
            "x": -18.40347,
            "y": 100.653305,
            "z": -28.990637
          },
          "screenPosition": {
            "x": 0.86180884,
            "y": 0.4759786
          },
          "deltaImage": "not-really-an-image.png"
        },
        {
          "modelPosition": {
            "x": -17.405378,
            "y": 103.582146,
            "z": -30.862823
          },
          "screenPosition": {
            "x": 0.913487,
            "y": 0.5295634
          },
          "deltaImage": "not-really-an-image.png"
        },
        {
          "modelPosition": {
            "x": -16.937569,
            "y": 104.954865,
            "z": -28.910418
          },
          "screenPosition": {
            "x": 0.8872502,
            "y": 0.5687079
          },
          "deltaImage": "not-really-an-image.png"
        },
        {
          "modelPosition": {
            "x": -16.710056,
            "y": 105.62246,
            "z": -27.198786
          },
          "screenPosition": {
            "x": 0.86028856,
            "y": 0.59209234
          },
          "deltaImage": "not-really-an-image.png"
        },
        {
          "modelPosition": {
            "x": -16.309706,
            "y": 106.797226,
            "z": -25.187315
          },
          "screenPosition": {
            "x": 0.83034873,
            "y": 0.6289119
          },
          "deltaImage": "not-really-an-image.png"
        },
        {
          "modelPosition": {
            "x": -16.108004,
            "y": 107.38907,
            "z": -22.552614
          },
          "screenPosition": {
            "x": 0.78392184,
            "y": 0.6570411
          },
          "deltaImage": "not-really-an-image.png"
        },
        {
          "modelPosition": {
            "x": -16.8645,
            "y": 105.16917,
            "z": -20.429794
          },
          "screenPosition": {
            "x": 0.72860646,
            "y": 0.618454
          },
          "deltaImage": "not-really-an-image.png"
        },
        {
          "modelPosition": {
            "x": -17.84856,
            "y": 102.281555,
            "z": -22.837042
          },
          "screenPosition": {
            "x": 0.7575528,
            "y": 0.5407914
          },
          "deltaImage": "not-really-an-image.png"
        },
        {
          "modelPosition": null,
          "screenPosition": null,
          "deltaImage": null
        },
        {
          "modelPosition": {
            "x": -16.24606,
            "y": 106.984,
            "z": -25.692009
          },
          "screenPosition": {
            "x": 0.8409837,
            "y": 0.6303095
          },
          "deltaImage": "not-really-an-image.png"
        },
        {
          "modelPosition": {
            "x": -15.624354,
            "y": 108.80831,
            "z": -23.648571
          },
          "screenPosition": {
            "x": 0.8139694,
            "y": 0.68300474
          },
          "deltaImage": "not-really-an-image.png"
        },
        {
          "modelPosition": {
            "x": -15.654816,
            "y": 108.71889,
            "z": -20.360903
          },
          "screenPosition": {
            "x": 0.74948514,
            "y": 0.7005018
          },
          "deltaImage": "not-really-an-image.png"
        },
        {
          "modelPosition": {
            "x": -16.416462,
            "y": 106.483864,
            "z": -17.892939
          },
          "screenPosition": {
            "x": 0.68605286,
            "y": 0.6632665
          },
          "deltaImage": "not-really-an-image.png"
        },
        {
          "modelPosition": {
            "x": -17.37025,
            "y": 103.68506,
            "z": -18.748789
          },
          "screenPosition": {
            "x": 0.6860261,
            "y": 0.5938324
          },
          "deltaImage": "not-really-an-image.png"
        },
        {
          "modelPosition": {
            "x": -17.679102,
            "y": 102.77879,
            "z": -20.957867
          },
          "screenPosition": {
            "x": 0.72420806,
            "y": 0.5615208
          },
          "deltaImage": "not-really-an-image.png"
        },
        {
          "modelPosition": {
            "x": -17.96902,
            "y": 101.92808,
            "z": -22.957384
          },
          "screenPosition": {
            "x": 0.75768334,
            "y": 0.53236127
          },
          "deltaImage": "not-really-an-image.png"
        },
        {
          "modelPosition": {
            "x": -18.292734,
            "y": 100.978195,
            "z": -24.92687
          },
          "screenPosition": {
            "x": 0.78916484,
            "y": 0.5019011
          },
          "deltaImage": "not-really-an-image.png"
        },
        {
          "modelPosition": {
            "x": -18.557985,
            "y": 100.19987,
            "z": -27.058838
          },
          "screenPosition": {
            "x": 0.8239165,
            "y": 0.4751171
          },
          "deltaImage": "not-really-an-image.png"
        },
        {
          "modelPosition": {
            "x": -18.644304,
            "y": 99.946594,
            "z": -29.232002
          },
          "screenPosition": {
            "x": 0.8617783,
            "y": 0.4599108
          },
          "deltaImage": "not-really-an-image.png"
        },
        {
          "modelPosition": {
            "x": -18.422085,
            "y": 100.59871,
            "z": -31.22045
          },
          "screenPosition": {
            "x": 0.90114754,
            "y": 0.46480927
          },
          "deltaImage": "not-really-an-image.png"
        },
        {
          "modelPosition": {
            "x": -17.901356,
            "y": 102.12677,
            "z": -33.12734
          },
          "screenPosition": {
            "x": 0.94393754,
            "y": 0.48827142
          },
          "deltaImage": "not-really-an-image.png"
        },
        {
          "modelPosition": {
            "x": -18.498777,
            "y": 100.37372,
            "z": -35.304546
          },
          "screenPosition": {
            "x": 0.9701851,
            "y": 0.4424222
          },
          "deltaImage": "not-really-an-image.png"
        },
        {
          "modelPosition": {
            "x": -18.720879,
            "y": 99.72195,
            "z": -33.319736
          },
          "screenPosition": {
            "x": 0.932258,
            "y": 0.43743098
          },
          "deltaImage": "not-really-an-image.png"
        },
        {
          "modelPosition": null,
          "screenPosition": null,
          "deltaImage": null
        },
        {
          "modelPosition": {
            "x": -17.5932,
            "y": 103.031,
            "z": -30.925158
          },
          "screenPosition": {
            "x": 0.91112536,
            "y": 0.51753396
          },
          "deltaImage": "not-really-an-image.png"
        },
        {
          "modelPosition": {
            "x": -16.930277,
            "y": 104.97628,
            "z": -30.038935
          },
          "screenPosition": {
            "x": 0.90764314,
            "y": 0.5634883
          },
          "deltaImage": "not-really-an-image.png"
        },
        {
          "modelPosition": {
            "x": -16.252874,
            "y": 106.96406,
            "z": -29.390596
          },
          "screenPosition": {
            "x": 0.9086521,
            "y": 0.60994804
          },
          "deltaImage": "not-really-an-image.png"
        },
        {
          "modelPosition": {
            "x": -15.5422945,
            "y": 109.04918,
            "z": -28.77197
          },
          "screenPosition": {
            "x": 0.9108422,
            "y": 0.65914226
          },
          "deltaImage": "not-really-an-image.png"
        },
        {
          "modelPosition": {
            "x": -14.927917,
            "y": 110.85201,
            "z": -28.40735
          },
          "screenPosition": {
            "x": 0.9165972,
            "y": 0.7156686
          },
          "deltaImage": "not-really-an-image.png"
        },
        {
          "modelPosition": {
            "x": -14.261544,
            "y": 112.80743,
            "z": -27.86437
          },
          "screenPosition": {
            "x": 0.9200498,
            "y": 0.77619064
          },
          "deltaImage": "not-really-an-image.png"
        },
        {
          "modelPosition": {
            "x": -13.508439,
            "y": 115.01735,
            "z": -27.958035
          },
          "screenPosition": {
            "x": 0.934449,
            "y": 0.8343784
          },
          "deltaImage": "not-really-an-image.png"
        }
      ],
      "deltaImage": "20190825-062528/brain-CBD528-0.webp",
      "screenAreaInSqPixels": null,
      "screenAngle": null
    }
  ],
  "cameraMatrix": {
    "elements": [
      -0.09852178110090115,
      -0.25341295907345757,
      -0.9623280785794105,
      0.0,
      0.2831228105674461,
      0.9199312454549099,
      -0.27123417515528614,
      0.0,
      0.954009922791737,
      -0.2991795043271055,
      -0.018886275585497492,
      0.0,
      83.73145596209137,
      91.18757287936643,
      -24.793896756484994,
      1.0
    ]
  },
  "baseImage": "20190825-062528/base.webp",
  "version": 0,
  "savedAt": 1.566714624686E12,
  "notes": null
}