{
  "startedAt": 1.56672107728E12,
  "surfaces": [
    {
      "brainId": "CB3430",
      "panelName": "F1P",
      "pixels": [
        {
          "modelPosition": {
            "x": -38.97132,
            "y": 163.22606,
            "z": 51.398403
          },
          "screenPosition": {
            "x": 0.8311904,
            "y": 0.5534739
          },
          "deltaImage": "not-really-an-image.png"
        },
        {
          "modelPosition": {
            "x": -40.903515,
            "y": 164.54906,
            "z": 51.4539
          },
          "screenPosition": {
            "x": 0.7945949,
            "y": 0.57993454
          },
          "deltaImage": "not-really-an-image.png"
        },
        {
          "modelPosition": {
            "x": -42.92519,
            "y": 165.97313,
            "z": 50.775932
          },
          "screenPosition": {
            "x": 0.75602496,
            "y": 0.6088989
          },
          "deltaImage": "not-really-an-image.png"
        },
        {
          "modelPosition": null,
          "screenPosition": null,
          "deltaImage": null
        },
        {
          "modelPosition": null,
          "screenPosition": null,
          "deltaImage": null
        },
        {
          "modelPosition": {
            "x": -46.880436,
            "y": 168.50662,
            "z": 54.120953
          },
          "screenPosition": {
            "x": 0.6507609,
            "y": 0.60414606
          },
          "deltaImage": "not-really-an-image.png"
        },
        {
          "modelPosition": {
            "x": -46.116432,
            "y": 167.83374,
            "z": 56.868633
          },
          "screenPosition": {
            "x": 0.6428985,
            "y": 0.5595647
          },
          "deltaImage": "not-really-an-image.png"
        },
        {
          "modelPosition": {
            "x": -43.963257,
            "y": 166.34428,
            "z": 57.086662
          },
          "screenPosition": {
            "x": 0.6808194,
            "y": 0.5251467
          },
          "deltaImage": "not-really-an-image.png"
        },
        {
          "modelPosition": {
            "x": -42.023205,
            "y": 165.05676,
            "z": 56.275154
          },
          "screenPosition": {
            "x": 0.7251507,
            "y": 0.51173097
          },
          "deltaImage": "not-really-an-image.png"
        },
        {
          "modelPosition": null,
          "screenPosition": null,
          "deltaImage": null
        },
        {
          "modelPosition": {
            "x": -41.618256,
            "y": 165.04362,
            "z": 51.378918
          },
          "screenPosition": {
            "x": 0.78097904,
            "y": 0.5900346
          },
          "deltaImage": "not-really-an-image.png"
        },
        {
          "modelPosition": null,
          "screenPosition": null,
          "deltaImage": null
        },
        {
          "modelPosition": null,
          "screenPosition": null,
          "deltaImage": null
        },
        {
          "modelPosition": {
            "x": -47.32465,
            "y": 168.8939,
            "z": 52.596615
          },
          "screenPosition": {
            "x": 0.65354884,
            "y": 0.6252095
          },
          "deltaImage": "not-really-an-image.png"
        },
        {
          "modelPosition": null,
          "screenPosition": null,
          "deltaImage": null
        },
        {
          "modelPosition": {
            "x": -45.572876,
            "y": 167.41432,
            "z": 57.7265
          },
          "screenPosition": {
            "x": 0.64437604,
            "y": 0.53686136
          },
          "deltaImage": "not-really-an-image.png"
        },
        {
          "modelPosition": {
            "x": -48.01676,
            "y": 169.07115,
            "z": 58.10264
          },
          "screenPosition": {
            "x": 0.59504706,
            "y": 0.5650403
          },
          "deltaImage": "not-really-an-image.png"
        },
        {
          "modelPosition": {
            "x": -49.731113,
            "y": 170.29909,
            "z": 57.151707
          },
          "screenPosition": {
            "x": 0.5703872,
            "y": 0.5934775
          },
          "deltaImage": "not-really-an-image.png"
        },
        {
          "modelPosition": {
            "x": -51.06197,
            "y": 171.29134,
            "z": 55.692173
          },
          "screenPosition": {
            "x": 0.5585481,
            "y": 0.6214798
          },
          "deltaImage": "not-really-an-image.png"
        },
        {
          "modelPosition": {
            "x": -52.045532,
            "y": 172.04907,
            "z": 54.16176
          },
          "screenPosition": {
            "x": 0.5541756,
            "y": 0.64560336
          },
          "deltaImage": "not-really-an-image.png"
        },
        {
          "modelPosition": {
            "x": -53.932777,
            "y": 173.34766,
            "z": 54.098434
          },
          "screenPosition": {
            "x": 0.5225936,
            "y": 0.66022825
          },
          "deltaImage": "not-really-an-image.png"
        },
        {
          "modelPosition": {
            "x": -55.749737,
            "y": 174.56378,
            "z": 54.668205
          },
          "screenPosition": {
            "x": 0.4879959,
            "y": 0.667587
          },
          "deltaImage": "not-really-an-image.png"
        },
        {
          "modelPosition": {
            "x": -57.42018,
            "y": 175.65166,
            "z": 55.750107
          },
          "screenPosition": {
            "x": 0.45103043,
            "y": 0.6763953
          },
          "deltaImage": "not-really-an-image.png"
        },
        {
          "modelPosition": {
            "x": -58.565083,
            "y": 176.38435,
            "z": 56.73051
          },
          "screenPosition": {
            "x": 0.42159685,
            "y": 0.68736696
          },
          "deltaImage": "not-really-an-image.png"
        },
        {
          "modelPosition": {
            "x": -60.47986,
            "y": 177.66643,
            "z": 57.321804
          },
          "screenPosition": {
            "x": 0.38145187,
            "y": 0.71334434
          },
          "deltaImage": "not-really-an-image.png"
        },
        {
          "modelPosition": {
            "x": -62.297413,
            "y": 178.91795,
            "z": 57.244488
          },
          "screenPosition": {
            "x": 0.34977737,
            "y": 0.74254686
          },
          "deltaImage": "not-really-an-image.png"
        },
        {
          "modelPosition": {
            "x": -63.84042,
            "y": 179.97813,
            "z": 57.221027
          },
          "screenPosition": {
            "x": 0.32191122,
            "y": 0.76751906
          },
          "deltaImage": "not-really-an-image.png"
        },
        {
          "modelPosition": {
            "x": -65.44954,
            "y": 181.11238,
            "z": 56.667084
          },
          "screenPosition": {
            "x": 0.29973468,
            "y": 0.7962206
          },
          "deltaImage": "not-really-an-image.png"
        },
        {
          "modelPosition": {
            "x": -67.303444,
            "y": 182.40039,
            "z": 56.37638
          },
          "screenPosition": {
            "x": 0.26936308,
            "y": 0.8278677
          },
          "deltaImage": "not-really-an-image.png"
        },
        {
          "modelPosition": null,
          "screenPosition": null,
          "deltaImage": null
        },
        {
          "modelPosition": null,
          "screenPosition": null,
          "deltaImage": null
        },
        {
          "modelPosition": null,
          "screenPosition": null,
          "deltaImage": null
        },
        {
          "modelPosition": null,
          "screenPosition": null,
          "deltaImage": null
        },
        {
          "modelPosition": null,
          "screenPosition": null,
          "deltaImage": null
        },
        {
          "modelPosition": {
            "x": -76.18382,
            "y": 188.33041,
            "z": 59.41509
          },
          "screenPosition": {
            "x": 0.2810129,
            "y": 0.58571947
          },
          "deltaImage": "not-really-an-image.png"
        },
        {
          "modelPosition": null,
          "screenPosition": null,
          "deltaImage": null
        },
        {
          "modelPosition": {
            "x": -72.4152,
            "y": 185.57771,
            "z": 62.49258
          },
          "screenPosition": {
            "x": 0.2941079,
            "y": 0.54139555
          },
          "deltaImage": "not-really-an-image.png"
        },
        {
          "modelPosition": {
            "x": -70.6529,
            "y": 184.39888,
            "z": 61.926834
          },
          "screenPosition": {
            "x": 0.26624113,
            "y": 0.612446
          },
          "deltaImage": "not-really-an-image.png"
        },
        {
          "modelPosition": {
            "x": -70.704254,
            "y": 184.58072,
            "z": 59.215813
          },
          "screenPosition": {
            "x": 0.27694324,
            "y": 0.6524258
          },
          "deltaImage": "not-really-an-image.png"
        },
        {
          "modelPosition": {
            "x": -72.42916,
            "y": 185.84052,
            "z": 57.80971
          },
          "screenPosition": {
            "x": 0.3061407,
            "y": 0.5935103
          },
          "deltaImage": "not-really-an-image.png"
        },
        {
          "modelPosition": {
            "x": -74.2468,
            "y": 187.03926,
            "z": 58.70941
          },
          "screenPosition": {
            "x": 0.30045336,
            "y": 0.5842962
          },
          "deltaImage": "not-really-an-image.png"
        },
        {
          "modelPosition": {
            "x": -74.52787,
            "y": 187.11118,
            "z": 60.946507
          },
          "screenPosition": {
            "x": 0.2735511,
            "y": 0.5736306
          },
          "deltaImage": "not-really-an-image.png"
        },
        {
          "modelPosition": {
            "x": -32.34995,
            "y": 215.86794,
            "z": 70.501976
          },
          "screenPosition": {
            "x": 0.27837914,
            "y": 0.54853356
          },
          "deltaImage": "not-really-an-image.png"
        },
        {
          "modelPosition": {
            "x": -71.073746,
            "y": 184.58905,
            "z": 63.75123
          },
          "screenPosition": {
            "x": 0.25420997,
            "y": 0.5892156
          },
          "deltaImage": "not-really-an-image.png"
        },
        {
          "modelPosition": {
            "x": -69.30162,
            "y": 183.35663,
            "z": 64.05181
          },
          "screenPosition": {
            "x": 0.2539259,
            "y": 0.58866704
          },
          "deltaImage": "not-really-an-image.png"
        },
        {
          "modelPosition": {
            "x": -67.32981,
            "y": 182.05986,
            "z": 63.008373
          },
          "screenPosition": {
            "x": 0.18572575,
            "y": 0.75397843
          },
          "deltaImage": "not-really-an-image.png"
        },
        {
          "modelPosition": {
            "x": -66.54186,
            "y": 181.65671,
            "z": 60.46389
          },
          "screenPosition": {
            "x": 0.22609705,
            "y": 0.7871294
          },
          "deltaImage": "not-really-an-image.png"
        },
        {
          "modelPosition": {
            "x": -67.837715,
            "y": 182.67912,
            "z": 58.002296
          },
          "screenPosition": {
            "x": 0.23454523,
            "y": 0.831162
          },
          "deltaImage": "not-really-an-image.png"
        },
        {
          "modelPosition": {
            "x": -70.13029,
            "y": 184.25764,
            "z": 57.90614
          },
          "screenPosition": {
            "x": 0.29327455,
            "y": 0.66464347
          },
          "deltaImage": "not-really-an-image.png"
        },
        {
          "modelPosition": {
            "x": -71.62358,
            "y": 185.21368,
            "z": 59.177982
          },
          "screenPosition": {
            "x": 0.28082332,
            "y": 0.634375
          },
          "deltaImage": "not-really-an-image.png"
        },
        {
          "modelPosition": {
            "x": -71.763596,
            "y": 185.16693,
            "z": 61.819412
          },
          "screenPosition": {
            "x": 0.2636277,
            "y": 0.605548
          },
          "deltaImage": "not-really-an-image.png"
        },
        {
          "modelPosition": {
            "x": -70.29562,
            "y": 184.07515,
            "z": 63.379295
          },
          "screenPosition": {
            "x": 0.2573193,
            "y": 0.59521925
          },
          "deltaImage": "not-really-an-image.png"
        },
        {
          "modelPosition": null,
          "screenPosition": null,
          "deltaImage": null
        },
        {
          "modelPosition": {
            "x": -67.53293,
            "y": 182.29105,
            "z": 61.310932
          },
          "screenPosition": {
            "x": 0.1990574,
            "y": 0.78649783
          },
          "deltaImage": "not-really-an-image.png"
        },
        {
          "modelPosition": {
            "x": -67.34197,
            "y": 182.27951,
            "z": 59.100643
          },
          "screenPosition": {
            "x": 0.22676483,
            "y": 0.8184123
          },
          "deltaImage": "not-really-an-image.png"
        },
        {
          "modelPosition": {
            "x": -66.337944,
            "y": 181.7127,
            "z": 56.840275
          },
          "screenPosition": {
            "x": 0.28077927,
            "y": 0.81014407
          },
          "deltaImage": "not-really-an-image.png"
        },
        {
          "modelPosition": {
            "x": -64.30862,
            "y": 180.34729,
            "z": 56.336174
          },
          "screenPosition": {
            "x": 0.32502332,
            "y": 0.7791721
          },
          "deltaImage": "not-really-an-image.png"
        },
        {
          "modelPosition": {
            "x": -62.3733,
            "y": 178.96336,
            "z": 57.367683
          },
          "screenPosition": {
            "x": 0.34684014,
            "y": 0.74310976
          },
          "deltaImage": "not-really-an-image.png"
        },
        {
          "modelPosition": {
            "x": -62.37489,
            "y": 178.80043,
            "z": 60.401
          },
          "screenPosition": {
            "x": 0.30556604,
            "y": 0.7259835
          },
          "deltaImage": "not-really-an-image.png"
        },
        {
          "modelPosition": {
            "x": -65.07035,
            "y": 180.63907,
            "z": 60.607864
          },
          "screenPosition": {
            "x": 0.2520313,
            "y": 0.76376027
          },
          "deltaImage": "not-really-an-image.png"
        },
        {
          "modelPosition": {
            "x": -65.944664,
            "y": 181.38824,
            "z": 57.849457
          },
          "screenPosition": {
            "x": 0.27360126,
            "y": 0.7994834
          },
          "deltaImage": "not-really-an-image.png"
        },
        {
          "modelPosition": {
            "x": -51.959126,
            "y": 171.94992,
            "z": 54.89883
          },
          "screenPosition": {
            "x": 0.5494136,
            "y": 0.6372092
          },
          "deltaImage": "not-really-an-image.png"
        },
        {
          "modelPosition": {
            "x": -50.763157,
            "y": 171.07198,
            "z": 55.956406
          },
          "screenPosition": {
            "x": 0.5616813,
            "y": 0.61608446
          },
          "deltaImage": "not-really-an-image.png"
        },
        {
          "modelPosition": {
            "x": -49.68196,
            "y": 170.24261,
            "z": 57.57204
          },
          "screenPosition": {
            "x": 0.56758994,
            "y": 0.5880256
          },
          "deltaImage": "not-really-an-image.png"
        },
        {
          "modelPosition": {
            "x": -48.304646,
            "y": 169.19595,
            "z": 59.448242
          },
          "screenPosition": {
            "x": 0.57610875,
            "y": 0.54561794
          },
          "deltaImage": "not-really-an-image.png"
        },
        {
          "modelPosition": {
            "x": -47.2517,
            "y": 168.39761,
            "z": 60.848656
          },
          "screenPosition": {
            "x": 0.5816126,
            "y": 0.50622696
          },
          "deltaImage": "not-really-an-image.png"
        },
        {
          "modelPosition": {
            "x": -46.163715,
            "y": 167.55836,
            "z": 62.56121
          },
          "screenPosition": {
            "x": 0.5846114,
            "y": 0.46085006
          },
          "deltaImage": "not-really-an-image.png"
        },
        {
          "modelPosition": {
            "x": -44.050743,
            "y": 166.03282,
            "z": 63.956894
          },
          "screenPosition": {
            "x": 0.60991305,
            "y": 0.40645906
          },
          "deltaImage": "not-really-an-image.png"
        },
        {
          "modelPosition": null,
          "screenPosition": null,
          "deltaImage": null
        },
        {
          "modelPosition": {
            "x": -43.38633,
            "y": 165.84451,
            "z": 59.007065
          },
          "screenPosition": {
            "x": 0.6722047,
            "y": 0.48342058
          },
          "deltaImage": "not-really-an-image.png"
        },
        {
          "modelPosition": {
            "x": -45.364265,
            "y": 167.21542,
            "z": 58.75726
          },
          "screenPosition": {
            "x": 0.6378693,
            "y": 0.5159019
          },
          "deltaImage": "not-really-an-image.png"
        },
        {
          "modelPosition": {
            "x": -47.24916,
            "y": 168.47713,
            "z": 59.345993
          },
          "screenPosition": {
            "x": 0.5968121,
            "y": 0.53242236
          },
          "deltaImage": "not-really-an-image.png"
        },
        {
          "modelPosition": {
            "x": -49.137016,
            "y": 169.78148,
            "z": 59.183765
          },
          "screenPosition": {
            "x": 0.5632083,
            "y": 0.5617394
          },
          "deltaImage": "not-really-an-image.png"
        },
        {
          "modelPosition": {
            "x": -50.67003,
            "y": 170.75897,
            "z": 60.563
          },
          "screenPosition": {
            "x": 0.52080035,
            "y": 0.5598124
          },
          "deltaImage": "not-really-an-image.png"
        },
        {
          "modelPosition": {
            "x": -52.278625,
            "y": 171.86305,
            "z": 60.56012
          },
          "screenPosition": {
            "x": 0.49112275,
            "y": 0.5753831
          },
          "deltaImage": "not-really-an-image.png"
        },
        {
          "modelPosition": {
            "x": -54.080505,
            "y": 172.98125,
            "z": 62.749474
          },
          "screenPosition": {
            "x": 0.4352903,
            "y": 0.56971556
          },
          "deltaImage": "not-really-an-image.png"
        },
        {
          "modelPosition": {
            "x": -54.308674,
            "y": 172.99559,
            "z": 65.37983
          },
          "screenPosition": {
            "x": 0.40443197,
            "y": 0.52745754
          },
          "deltaImage": "not-really-an-image.png"
        },
        {
          "modelPosition": null,
          "screenPosition": null,
          "deltaImage": null
        },
        {
          "modelPosition": {
            "x": -52.877266,
            "y": 171.76715,
            "z": 69.931244
          },
          "screenPosition": {
            "x": 0.38520855,
            "y": 0.42765445
          },
          "deltaImage": "not-really-an-image.png"
        },
        {
          "modelPosition": null,
          "screenPosition": null,
          "deltaImage": null
        },
        {
          "modelPosition": null,
          "screenPosition": null,
          "deltaImage": null
        },
        {
          "modelPosition": {
            "x": -46.918465,
            "y": 167.7262,
            "z": 69.03613
          },
          "screenPosition": {
            "x": 0.505263,
            "y": 0.35856318
          },
          "deltaImage": "not-really-an-image.png"
        },
        {
          "modelPosition": null,
          "screenPosition": null,
          "deltaImage": null
        },
        {
          "modelPosition": null,
          "screenPosition": null,
          "deltaImage": null
        },
        {
          "modelPosition": {
            "x": -49.813923,
            "y": 169.61165,
            "z": 70.915344
          },
          "screenPosition": {
            "x": 0.4323637,
            "y": 0.36692336
          },
          "deltaImage": "not-really-an-image.png"
        },
        {
          "modelPosition": {
            "x": -47.15569,
            "y": 167.83424,
            "z": 70.04879
          },
          "screenPosition": {
            "x": 0.49063164,
            "y": 0.34425816
          },
          "deltaImage": "not-really-an-image.png"
        },
        {
          "modelPosition": null,
          "screenPosition": null,
          "deltaImage": null
        },
        {
          "modelPosition": null,
          "screenPosition": null,
          "deltaImage": null
        },
        {
          "modelPosition": {
            "x": -50.016037,
            "y": 170.0906,
            "z": 64.623055
          },
          "screenPosition": {
            "x": 0.49204627,
            "y": 0.47963932
          },
          "deltaImage": "not-really-an-image.png"
        },
        {
          "modelPosition": {
            "x": -50.779186,
            "y": 170.47241,
            "z": 67.24768
          },
          "screenPosition": {
            "x": 0.45136127,
            "y": 0.444672
          },
          "deltaImage": "not-really-an-image.png"
        },
        {
          "modelPosition": null,
          "screenPosition": null,
          "deltaImage": null
        },
        {
          "modelPosition": null,
          "screenPosition": null,
          "deltaImage": null
        },
        {
          "modelPosition": {
            "x": -45.849285,
            "y": 167.11427,
            "z": 66.78323
          },
          "screenPosition": {
            "x": 0.54790187,
            "y": 0.3826906
          },
          "deltaImage": "not-really-an-image.png"
        },
        {
          "modelPosition": {
            "x": -46.35208,
            "y": 167.61024,
            "z": 63.992386
          },
          "screenPosition": {
            "x": 0.56667507,
            "y": 0.43855786
          },
          "deltaImage": "not-really-an-image.png"
        },
        {
          "modelPosition": {
            "x": -47.787815,
            "y": 168.68433,
            "z": 62.35059
          },
          "screenPosition": {
            "x": 0.55641913,
            "y": 0.48734105
          },
          "deltaImage": "not-really-an-image.png"
        },
        {
          "modelPosition": null,
          "screenPosition": null,
          "deltaImage": null
        },
        {
          "modelPosition": {
            "x": -51.419506,
            "y": 171.20709,
            "z": 61.78763
          },
          "screenPosition": {
            "x": 0.49448702,
            "y": 0.5490898
          },
          "deltaImage": "not-really-an-image.png"
        },
        {
          "modelPosition": null,
          "screenPosition": null,
          "deltaImage": null
        },
        {
          "modelPosition": {
            "x": -54.538136,
            "y": 173.54678,
            "z": 58.098824
          },
          "screenPosition": {
            "x": 0.47600445,
            "y": 0.6232322
          },
          "deltaImage": "not-really-an-image.png"
        },
        {
          "modelPosition": {
            "x": -53.722218,
            "y": 173.10628,
            "z": 55.890244
          },
          "screenPosition": {
            "x": 0.5103205,
            "y": 0.6403872
          },
          "deltaImage": "not-really-an-image.png"
        },
        {
          "modelPosition": {
            "x": -51.55923,
            "y": 171.69717,
            "z": 54.49765
          },
          "screenPosition": {
            "x": 0.5598772,
            "y": 0.63835007
          },
          "deltaImage": "not-really-an-image.png"
        },
        {
          "modelPosition": {
            "x": -49.679695,
            "y": 170.32248,
            "z": 56.06641
          },
          "screenPosition": {
            "x": 0.58078676,
            "y": 0.6057105
          },
          "deltaImage": "not-really-an-image.png"
        },
        {
          "modelPosition": {
            "x": -48.97632,
            "y": 169.63808,
            "z": 59.796432
          },
          "screenPosition": {
            "x": 0.5600885,
            "y": 0.54911435
          },
          "deltaImage": "not-really-an-image.png"
        },
        {
          "modelPosition": null,
          "screenPosition": null,
          "deltaImage": null
        },
        {
          "modelPosition": {
            "x": -49.951252,
            "y": 170.13979,
            "z": 62.891373
          },
          "screenPosition": {
            "x": 0.5107149,
            "y": 0.5089478
          },
          "deltaImage": "not-really-an-image.png"
        },
        {
          "modelPosition": {
            "x": -51.125942,
            "y": 170.78792,
            "z": 65.81377
          },
          "screenPosition": {
            "x": 0.4593592,
            "y": 0.47463313
          },
          "deltaImage": "not-really-an-image.png"
        },
        {
          "modelPosition": {
            "x": -53.25844,
            "y": 172.28629,
            "z": 65.1684
          },
          "screenPosition": {
            "x": 0.42613262,
            "y": 0.51621705
          },
          "deltaImage": "not-really-an-image.png"
        },
        {
          "modelPosition": {
            "x": -54.10615,
            "y": 172.96945,
            "z": 63.29311
          },
          "screenPosition": {
            "x": 0.42924702,
            "y": 0.5610054
          },
          "deltaImage": "not-really-an-image.png"
        },
        {
          "modelPosition": null,
          "screenPosition": null,
          "deltaImage": null
        },
        {
          "modelPosition": {
            "x": -56.676434,
            "y": 174.59474,
            "z": 65.8565
          },
          "screenPosition": {
            "x": 0.355522,
            "y": 0.55276805
          },
          "deltaImage": "not-really-an-image.png"
        },
        {
          "modelPosition": {
            "x": -57.00429,
            "y": 174.72289,
            "z": 67.64782
          },
          "screenPosition": {
            "x": 0.33133596,
            "y": 0.52618986
          },
          "deltaImage": "not-really-an-image.png"
        },
        {
          "modelPosition": {
            "x": -59.015057,
            "y": 176.03412,
            "z": 68.918144
          },
          "screenPosition": {
            "x": 0.28106058,
            "y": 0.5326015
          },
          "deltaImage": "not-really-an-image.png"
        },
        {
          "modelPosition": {
            "x": -61.319675,
            "y": 177.59628,
            "z": 69.27751
          },
          "screenPosition": {
            "x": 0.23237494,
            "y": 0.5526904
          },
          "deltaImage": "not-really-an-image.png"
        },
        {
          "modelPosition": {
            "x": -62.251953,
            "y": 178.37207,
            "z": 66.76258
          },
          "screenPosition": {
            "x": 0.24248424,
            "y": 0.61624986
          },
          "deltaImage": "not-really-an-image.png"
        },
        {
          "modelPosition": {
            "x": -61.430344,
            "y": 177.92827,
            "z": 64.542496
          },
          "screenPosition": {
            "x": 0.28064024,
            "y": 0.64247245
          },
          "deltaImage": "not-really-an-image.png"
        },
        {
          "modelPosition": {
            "x": -59.301334,
            "y": 176.44348,
            "z": 64.98089
          },
          "screenPosition": {
            "x": 0.31571433,
            "y": 0.6048323
          },
          "deltaImage": "not-really-an-image.png"
        },
        {
          "modelPosition": null,
          "screenPosition": null,
          "deltaImage": null
        },
        {
          "modelPosition": {
            "x": -60.638317,
            "y": 177.18874,
            "z": 68.16698
          },
          "screenPosition": {
            "x": 0.25838938,
            "y": 0.5687925
          },
          "deltaImage": "not-really-an-image.png"
        },
        {
          "modelPosition": null,
          "screenPosition": null,
          "deltaImage": null
        },
        {
          "modelPosition": {
            "x": -60.825348,
            "y": 177.48454,
            "z": 65.07022
          },
          "screenPosition": {
            "x": 0.28613073,
            "y": 0.62551063
          },
          "deltaImage": "not-really-an-image.png"
        },
        {
          "modelPosition": {
            "x": -59.12633,
            "y": 176.24353,
            "z": 66.45768
          },
          "screenPosition": {
            "x": 0.3037974,
            "y": 0.5771351
          },
          "deltaImage": "not-really-an-image.png"
        },
        {
          "modelPosition": null,
          "screenPosition": null,
          "deltaImage": null
        },
        {
          "modelPosition": {
            "x": -52.92202,
            "y": 172.55977,
            "z": 55.84129
          },
          "screenPosition": {
            "x": 0.5244158,
            "y": 0.6347111
          },
          "deltaImage": "not-really-an-image.png"
        },
        {
          "modelPosition": null,
          "screenPosition": null,
          "deltaImage": null
        },
        {
          "modelPosition": {
            "x": -56.853764,
            "y": 175.33318,
            "z": 54.45126
          },
          "screenPosition": {
            "x": 0.47256392,
            "y": 0.6773017
          },
          "deltaImage": "not-really-an-image.png"
        },
        {
          "modelPosition": {
            "x": -58.614445,
            "y": 176.48201,
            "z": 55.550877
          },
          "screenPosition": {
            "x": 0.43315384,
            "y": 0.6953131
          },
          "deltaImage": "not-really-an-image.png"
        },
        {
          "modelPosition": {
            "x": -60.315353,
            "y": 177.6021,
            "z": 56.42383
          },
          "screenPosition": {
            "x": 0.39474997,
            "y": 0.7159717
          },
          "deltaImage": "not-really-an-image.png"
        },
        {
          "modelPosition": {
            "x": -61.439735,
            "y": 178.22719,
            "z": 59.133873
          },
          "screenPosition": {
            "x": 0.34116668,
            "y": 0.71798813
          },
          "deltaImage": "not-really-an-image.png"
        },
        {
          "modelPosition": null,
          "screenPosition": null,
          "deltaImage": null
        },
        {
          "modelPosition": {
            "x": -58.243565,
            "y": 175.81078,
            "z": 63.25735
          },
          "screenPosition": {
            "x": 0.35251644,
            "y": 0.6204518
          },
          "deltaImage": "not-really-an-image.png"
        },
        {
          "modelPosition": {
            "x": -56.26007,
            "y": 174.44763,
            "z": 63.292797
          },
          "screenPosition": {
            "x": 0.38911682,
            "y": 0.59163344
          },
          "deltaImage": "not-really-an-image.png"
        },
        {
          "modelPosition": {
            "x": -54.267178,
            "y": 173.15393,
            "z": 61.92497
          },
          "screenPosition": {
            "x": 0.4412301,
            "y": 0.5805098
          },
          "deltaImage": "not-really-an-image.png"
        },
        {
          "modelPosition": {
            "x": -53.762955,
            "y": 172.9881,
            "z": 58.59265
          },
          "screenPosition": {
            "x": 0.48438704,
            "y": 0.6114431
          },
          "deltaImage": "not-really-an-image.png"
        },
        {
          "modelPosition": {
            "x": -56.14135,
            "y": 174.68246,
            "z": 57.44339
          },
          "screenPosition": {
            "x": 0.45562848,
            "y": 0.6459915
          },
          "deltaImage": "not-really-an-image.png"
        },
        {
          "modelPosition": {
            "x": -58.31465,
            "y": 176.13916,
            "z": 58.08649
          },
          "screenPosition": {
            "x": 0.41103843,
            "y": 0.67473316
          },
          "deltaImage": "not-really-an-image.png"
        },
        {
          "modelPosition": {
            "x": -59.096638,
            "y": 176.53891,
            "z": 60.6183
          },
          "screenPosition": {
            "x": 0.3660573,
            "y": 0.6696269
          },
          "deltaImage": "not-really-an-image.png"
        },
        {
          "modelPosition": {
            "x": -59.551468,
            "y": 176.7293,
            "z": 62.870056
          },
          "screenPosition": {
            "x": 0.33205193,
            "y": 0.6458073
          },
          "deltaImage": "not-really-an-image.png"
        },
        {
          "modelPosition": {
            "x": -58.94962,
            "y": 176.16505,
            "z": 65.666275
          },
          "screenPosition": {
            "x": 0.3151324,
            "y": 0.58831984
          },
          "deltaImage": "not-really-an-image.png"
        },
        {
          "modelPosition": {
            "x": -56.878407,
            "y": 174.6612,
            "z": 67.19109
          },
          "screenPosition": {
            "x": 0.33830425,
            "y": 0.53234136
          },
          "deltaImage": "not-really-an-image.png"
        },
        {
          "modelPosition": {
            "x": -54.760727,
            "y": 173.2252,
            "z": 66.87086
          },
          "screenPosition": {
            "x": 0.38097417,
            "y": 0.5078561
          },
          "deltaImage": "not-really-an-image.png"
        },
        {
          "modelPosition": null,
          "screenPosition": null,
          "deltaImage": null
        },
        {
          "modelPosition": {
            "x": -53.417355,
            "y": 172.55078,
            "z": 62.293972
          },
          "screenPosition": {
            "x": 0.45278507,
            "y": 0.56451726
          },
          "deltaImage": "not-really-an-image.png"
        },
        {
          "modelPosition": null,
          "screenPosition": null,
          "deltaImage": null
        },
        {
          "modelPosition": null,
          "screenPosition": null,
          "deltaImage": null
        },
        {
          "modelPosition": null,
          "screenPosition": null,
          "deltaImage": null
        },
        {
          "modelPosition": {
            "x": -60.649853,
            "y": 177.28418,
            "z": 66.54833
          },
          "screenPosition": {
            "x": 0.27449605,
            "y": 0.5972127
          },
          "deltaImage": "not-really-an-image.png"
        },
        {
          "modelPosition": null,
          "screenPosition": null,
          "deltaImage": null
        },
        {
          "modelPosition": {
            "x": -62.0727,
            "y": 178.49675,
            "z": 62.181774
          },
          "screenPosition": {
            "x": 0.29219756,
            "y": 0.69326717
          },
          "deltaImage": "not-really-an-image.png"
        },
        {
          "modelPosition": {
            "x": -61.515984,
            "y": 178.23187,
            "z": 60.014904
          },
          "screenPosition": {
            "x": 0.32777423,
            "y": 0.71385366
          },
          "deltaImage": "not-really-an-image.png"
        },
        {
          "modelPosition": {
            "x": -60.21561,
            "y": 177.44693,
            "z": 58.027435
          },
          "screenPosition": {
            "x": 0.37774485,
            "y": 0.7049534
          },
          "deltaImage": "not-really-an-image.png"
        },
        {
          "modelPosition": {
            "x": -58.653778,
            "y": 176.40337,
            "z": 57.504604
          },
          "screenPosition": {
            "x": 0.41158614,
            "y": 0.68380886
          },
          "deltaImage": "not-really-an-image.png"
        },
        {
          "modelPosition": {
            "x": -55.94164,
            "y": 174.49501,
            "z": 58.375355
          },
          "screenPosition": {
            "x": 0.44953492,
            "y": 0.6361724
          },
          "deltaImage": "not-really-an-image.png"
        },
        {
          "modelPosition": {
            "x": -54.665524,
            "y": 173.52792,
            "z": 60.064434
          },
          "screenPosition": {
            "x": 0.45430827,
            "y": 0.6031784
          },
          "deltaImage": "not-really-an-image.png"
        },
        {
          "modelPosition": null,
          "screenPosition": null,
          "deltaImage": null
        },
        {
          "modelPosition": {
            "x": -56.450333,
            "y": 174.45953,
            "z": 65.48753
          },
          "screenPosition": {
            "x": 0.36344102,
            "y": 0.55602556
          },
          "deltaImage": "not-really-an-image.png"
        },
        {
          "modelPosition": {
            "x": -58.65991,
            "y": 175.99857,
            "z": 65.06823
          },
          "screenPosition": {
            "x": 0.32649872,
            "y": 0.5947591
          },
          "deltaImage": "not-really-an-image.png"
        },
        {
          "modelPosition": null,
          "screenPosition": null,
          "deltaImage": null
        },
        {
          "modelPosition": {
            "x": -61.934032,
            "y": 178.37967,
            "z": 62.58718
          },
          "screenPosition": {
            "x": 0.29051077,
            "y": 0.6846186
          },
          "deltaImage": "not-really-an-image.png"
        },
        {
          "modelPosition": {
            "x": -62.602135,
            "y": 178.97739,
            "z": 60.01262
          },
          "screenPosition": {
            "x": 0.30673155,
            "y": 0.73215634
          },
          "deltaImage": "not-really-an-image.png"
        },
        {
          "modelPosition": {
            "x": -62.247097,
            "y": 178.86052,
            "z": 57.66799
          },
          "screenPosition": {
            "x": 0.3453066,
            "y": 0.739478
          },
          "deltaImage": "not-really-an-image.png"
        },
        {
          "modelPosition": {
            "x": -60.617798,
            "y": 177.82402,
            "z": 56.15818
          },
          "screenPosition": {
            "x": 0.39251703,
            "y": 0.72211516
          },
          "deltaImage": "not-really-an-image.png"
        },
        {
          "modelPosition": {
            "x": -58.049274,
            "y": 176.04167,
            "z": 56.52146
          },
          "screenPosition": {
            "x": 0.43262696,
            "y": 0.6808828
          },
          "deltaImage": "not-really-an-image.png"
        },
        {
          "modelPosition": {
            "x": -57.47347,
            "y": 175.50659,
            "z": 59.10915
          },
          "screenPosition": {
            "x": 0.4144651,
            "y": 0.6544579
          },
          "deltaImage": "not-really-an-image.png"
        },
        {
          "modelPosition": {
            "x": -57.739346,
            "y": 175.56358,
            "z": 61.429398
          },
          "screenPosition": {
            "x": 0.38155589,
            "y": 0.6411133
          },
          "deltaImage": "not-really-an-image.png"
        },
        {
          "modelPosition": null,
          "screenPosition": null,
          "deltaImage": null
        },
        {
          "modelPosition": {
            "x": -59.37693,
            "y": 176.48871,
            "z": 65.104065
          },
          "screenPosition": {
            "x": 0.3130787,
            "y": 0.603737
          },
          "deltaImage": "not-really-an-image.png"
        },
        {
          "modelPosition": {
            "x": -60.738083,
            "y": 177.34377,
            "z": 66.56609
          },
          "screenPosition": {
            "x": 0.2727193,
            "y": 0.5980834
          },
          "deltaImage": "not-really-an-image.png"
        },
        {
          "modelPosition": {
            "x": -62.795418,
            "y": 178.70401,
            "z": 67.52118
          },
          "screenPosition": {
            "x": 0.2249657,
            "y": 0.6103831
          },
          "deltaImage": "not-really-an-image.png"
        },
        {
          "modelPosition": {
            "x": -64.78099,
            "y": 180.10359,
            "z": 66.83802
          },
          "screenPosition": {
            "x": 0.18706173,
            "y": 0.63991594
          },
          "deltaImage": "not-really-an-image.png"
        },
        {
          "modelPosition": {
            "x": -66.55561,
            "y": 181.38431,
            "z": 65.675995
          },
          "screenPosition": {
            "x": 0.16420983,
            "y": 0.68390465
          },
          "deltaImage": "not-really-an-image.png"
        },
        {
          "modelPosition": {
            "x": -67.41876,
            "y": 182.11995,
            "z": 63.026024
          },
          "screenPosition": {
            "x": 0.1839769,
            "y": 0.754793
          },
          "deltaImage": "not-really-an-image.png"
        },
        {
          "modelPosition": {
            "x": -66.6054,
            "y": 181.6879,
            "z": 60.693558
          },
          "screenPosition": {
            "x": 0.22288641,
            "y": 0.7834552
          },
          "deltaImage": "not-really-an-image.png"
        },
        {
          "modelPosition": {
            "x": -64.47446,
            "y": 180.28925,
            "z": 59.514324
          },
          "screenPosition": {
            "x": 0.27736196,
            "y": 0.76678836
          },
          "deltaImage": "not-really-an-image.png"
        },
        {
          "modelPosition": {
            "x": -62.75355,
            "y": 179.10898,
            "z": 59.50082
          },
          "screenPosition": {
            "x": 0.31109983,
            "y": 0.7376625
          },
          "deltaImage": "not-really-an-image.png"
        },
        {
          "modelPosition": {
            "x": -60.305923,
            "y": 177.34418,
            "z": 61.07401
          },
          "screenPosition": {
            "x": 0.3365972,
            "y": 0.68654186
          },
          "deltaImage": "not-really-an-image.png"
        },
        {
          "modelPosition": {
            "x": -59.967762,
            "y": 176.95789,
            "z": 63.925766
          },
          "screenPosition": {
            "x": 0.31365004,
            "y": 0.63329667
          },
          "deltaImage": "not-really-an-image.png"
        },
        {
          "modelPosition": null,
          "screenPosition": null,
          "deltaImage": null
        },
        {
          "modelPosition": {
            "x": -63.287773,
            "y": 179.10092,
            "z": 66.429726
          },
          "screenPosition": {
            "x": 0.22654054,
            "y": 0.6367869
          },
          "deltaImage": "not-really-an-image.png"
        },
        {
          "modelPosition": {
            "x": -65.16072,
            "y": 180.41281,
            "z": 65.9389
          },
          "screenPosition": {
            "x": 0.19659162,
            "y": 0.6719829
          },
          "deltaImage": "not-really-an-image.png"
        },
        {
          "modelPosition": {
            "x": -66.56798,
            "y": 181.48067,
            "z": 64.05097
          },
          "screenPosition": {
            "x": 0.18940766,
            "y": 0.7249471
          },
          "deltaImage": "not-really-an-image.png"
        },
        {
          "modelPosition": {
            "x": -66.66908,
            "y": 181.67807,
            "z": 61.683224
          },
          "screenPosition": {
            "x": 0.21139914,
            "y": 0.7677174
          },
          "deltaImage": "not-really-an-image.png"
        },
        {
          "modelPosition": null,
          "screenPosition": null,
          "deltaImage": null
        },
        {
          "modelPosition": null,
          "screenPosition": null,
          "deltaImage": null
        },
        {
          "modelPosition": {
            "x": -57.973015,
            "y": 175.25461,
            "z": 70.10888
          },
          "screenPosition": {
            "x": 0.28846985,
            "y": 0.49700046
          },
          "deltaImage": "not-really-an-image.png"
        },
        {
          "modelPosition": {
            "x": -59.391716,
            "y": 176.34102,
            "z": 68.02289
          },
          "screenPosition": {
            "x": 0.2830698,
            "y": 0.5535848
          },
          "deltaImage": "not-really-an-image.png"
        },
        {
          "modelPosition": {
            "x": -59.956318,
            "y": 176.8625,
            "z": 65.54442
          },
          "screenPosition": {
            "x": 0.29774922,
            "y": 0.60449994
          },
          "deltaImage": "not-really-an-image.png"
        },
        {
          "modelPosition": null,
          "screenPosition": null,
          "deltaImage": null
        },
        {
          "modelPosition": {
            "x": -55.295727,
            "y": 173.75546,
            "z": 63.85448
          },
          "screenPosition": {
            "x": 0.4014214,
            "y": 0.56811816
          },
          "deltaImage": "not-really-an-image.png"
        },
        {
          "modelPosition": null,
          "screenPosition": null,
          "deltaImage": null
        },
        {
          "modelPosition": {
            "x": -52.72432,
            "y": 171.79759,
            "z": 67.42713
          },
          "screenPosition": {
            "x": 0.41342166,
            "y": 0.4688944
          },
          "deltaImage": "not-really-an-image.png"
        },
        {
          "modelPosition": null,
          "screenPosition": null,
          "deltaImage": null
        },
        {
          "modelPosition": null,
          "screenPosition": null,
          "deltaImage": null
        },
        {
          "modelPosition": {
            "x": -54.742653,
            "y": 172.87544,
            "z": 73.10966
          },
          "screenPosition": {
            "x": 0.31500763,
            "y": 0.39362678
          },
          "deltaImage": "not-really-an-image.png"
        },
        {
          "modelPosition": null,
          "screenPosition": null,
          "deltaImage": null
        },
        {
          "modelPosition": {
            "x": -55.42626,
            "y": 173.57565,
            "z": 68.836426
          },
          "screenPosition": {
            "x": 0.3487535,
            "y": 0.48300567
          },
          "deltaImage": "not-really-an-image.png"
        },
        {
          "modelPosition": {
            "x": -54.123787,
            "y": 172.74266,
            "z": 67.71081
          },
          "screenPosition": {
            "x": 0.38437235,
            "y": 0.4841378
          },
          "deltaImage": "not-really-an-image.png"
        },
        {
          "modelPosition": {
            "x": -52.113766,
            "y": 171.34459,
            "z": 68.055824
          },
          "screenPosition": {
            "x": 0.41834548,
            "y": 0.44953832
          },
          "deltaImage": "not-really-an-image.png"
        },
        {
          "modelPosition": {
            "x": -50.358894,
            "y": 170.07246,
            "z": 69.30977
          },
          "screenPosition": {
            "x": 0.43839926,
            "y": 0.4026994
          },
          "deltaImage": "not-really-an-image.png"
        },
        {
          "modelPosition": {
            "x": -49.031826,
            "y": 169.043,
            "z": 71.505554
          },
          "screenPosition": {
            "x": 0.44098487,
            "y": 0.34550115
          },
          "deltaImage": "not-really-an-image.png"
        },
        {
          "modelPosition": {
            "x": -50.154396,
            "y": 169.6733,
            "z": 74.09633
          },
          "screenPosition": {
            "x": 0.39394414,
            "y": 0.31623456
          },
          "deltaImage": "not-really-an-image.png"
        },
        {
          "modelPosition": {
            "x": -52.159664,
            "y": 171.02701,
            "z": 74.51126
          },
          "screenPosition": {
            "x": 0.34701952,
            "y": 0.33200556
          },
          "deltaImage": "not-really-an-image.png"
        },
        {
          "modelPosition": {
            "x": -53.780865,
            "y": 172.1854,
            "z": 73.6643
          },
          "screenPosition": {
            "x": 0.32706696,
            "y": 0.37041318
          },
          "deltaImage": "not-really-an-image.png"
        },
        {
          "modelPosition": {
            "x": -54.265198,
            "y": 172.65778,
            "z": 71.07528
          },
          "screenPosition": {
            "x": 0.34781173,
            "y": 0.4274158
          },
          "deltaImage": "not-really-an-image.png"
        },
        {
          "modelPosition": {
            "x": -52.53914,
            "y": 171.58533,
            "z": 69.00228
          },
          "screenPosition": {
            "x": 0.40087602,
            "y": 0.43906385
          },
          "deltaImage": "not-really-an-image.png"
        },
        {
          "modelPosition": null,
          "screenPosition": null,
          "deltaImage": null
        },
        {
          "modelPosition": {
            "x": -48.2726,
            "y": 168.58257,
            "z": 70.38484
          },
          "screenPosition": {
            "x": 0.466432,
            "y": 0.35427094
          },
          "deltaImage": "not-really-an-image.png"
        },
        {
          "modelPosition": null,
          "screenPosition": null,
          "deltaImage": null
        },
        {
          "modelPosition": null,
          "screenPosition": null,
          "deltaImage": null
        },
        {
          "modelPosition": {
            "x": -48.120785,
            "y": 168.16144,
            "z": 76.24606
          },
          "screenPosition": {
            "x": 0.3951416,
            "y": 0.23937306
          },
          "deltaImage": "not-really-an-image.png"
        },
        {
          "modelPosition": null,
          "screenPosition": null,
          "deltaImage": null
        },
        {
          "modelPosition": null,
          "screenPosition": null,
          "deltaImage": null
        },
        {
          "modelPosition": null,
          "screenPosition": null,
          "deltaImage": null
        },
        {
          "modelPosition": null,
          "screenPosition": null,
          "deltaImage": null
        },
        {
          "modelPosition": {
            "x": -45.26317,
            "y": 166.48122,
            "z": 71.0519
          },
          "screenPosition": {
            "x": 0.51577944,
            "y": 0.29984087
          },
          "deltaImage": "not-really-an-image.png"
        },
        {
          "modelPosition": {
            "x": -43.585957,
            "y": 165.25061,
            "z": 72.52349
          },
          "screenPosition": {
            "x": 0.53218853,
            "y": 0.25030455
          },
          "deltaImage": "not-really-an-image.png"
        },
        {
          "modelPosition": null,
          "screenPosition": null,
          "deltaImage": null
        },
        {
          "modelPosition": null,
          "screenPosition": null,
          "deltaImage": null
        },
        {
          "modelPosition": {
            "x": -45.830276,
            "y": 166.55753,
            "z": 76.83795
          },
          "screenPosition": {
            "x": 0.44686884,
            "y": 0.20689829
          },
          "deltaImage": "not-really-an-image.png"
        },
        {
          "modelPosition": null,
          "screenPosition": null,
          "deltaImage": null
        },
        {
          "modelPosition": null,
          "screenPosition": null,
          "deltaImage": null
        },
        {
          "modelPosition": null,
          "screenPosition": null,
          "deltaImage": null
        },
        {
          "modelPosition": {
            "x": -39.597794,
            "y": 162.50638,
            "z": 72.65803
          },
          "screenPosition": {
            "x": 0.605097,
            "y": 0.19127652
          },
          "deltaImage": "not-really-an-image.png"
        },
        {
          "modelPosition": {
            "x": -37.932903,
            "y": 161.28462,
            "z": 74.12258
          },
          "screenPosition": {
            "x": 0.6213988,
            "y": 0.14202175
          },
          "deltaImage": "not-really-an-image.png"
        },
        {
          "modelPosition": null,
          "screenPosition": null,
          "deltaImage": null
        },
        {
          "modelPosition": null,
          "screenPosition": null,
          "deltaImage": null
        },
        {
          "modelPosition": {
            "x": -41.45251,
            "y": 163.82188,
            "z": 71.86887
          },
          "screenPosition": {
            "x": 0.5785444,
            "y": 0.23140268
          },
          "deltaImage": "not-really-an-image.png"
        },
        {
          "modelPosition": {
            "x": -40.127693,
            "y": 162.8295,
            "z": 73.40755
          },
          "screenPosition": {
            "x": 0.587714,
            "y": 0.18570751
          },
          "deltaImage": "not-really-an-image.png"
        },
        {
          "modelPosition": null,
          "screenPosition": null,
          "deltaImage": null
        },
        {
          "modelPosition": null,
          "screenPosition": null,
          "deltaImage": null
        },
        {
          "modelPosition": null,
          "screenPosition": null,
          "deltaImage": null
        },
        {
          "modelPosition": {
            "x": -42.808582,
            "y": 164.72581,
            "z": 72.36273
          },
          "screenPosition": {
            "x": 0.5482887,
            "y": 0.2420588
          },
          "deltaImage": "not-really-an-image.png"
        },
        {
          "modelPosition": {
            "x": -43.510193,
            "y": 165.2457,
            "z": 71.65304
          },
          "screenPosition": {
            "x": 0.54237145,
            "y": 0.2644168
          },
          "deltaImage": "not-really-an-image.png"
        },
        {
          "modelPosition": null,
          "screenPosition": null,
          "deltaImage": null
        },
        {
          "modelPosition": {
            "x": -44.73668,
            "y": 166.32822,
            "z": 67.19931
          },
          "screenPosition": {
            "x": 0.5644372,
            "y": 0.3596092
          },
          "deltaImage": "not-really-an-image.png"
        },
        {
          "modelPosition": null,
          "screenPosition": null,
          "deltaImage": null
        },
        {
          "modelPosition": {
            "x": -41.031166,
            "y": 163.91264,
            "z": 64.8433
          },
          "screenPosition": {
            "x": 0.6572378,
            "y": 0.34805566
          },
          "deltaImage": "not-really-an-image.png"
        },
        {
          "modelPosition": null,
          "screenPosition": null,
          "deltaImage": null
        },
        {
          "modelPosition": {
            "x": -43.16773,
            "y": 165.26299,
            "z": 66.98691
          },
          "screenPosition": {
            "x": 0.59581274,
            "y": 0.34101108
          },
          "deltaImage": "not-really-an-image.png"
        },
        {
          "modelPosition": {
            "x": -44.268917,
            "y": 165.95451,
            "z": 68.173836
          },
          "screenPosition": {
            "x": 0.5633262,
            "y": 0.335947
          },
          "deltaImage": "not-really-an-image.png"
        },
        {
          "modelPosition": null,
          "screenPosition": null,
          "deltaImage": null
        },
        {
          "modelPosition": {
            "x": -47.111374,
            "y": 168.0303,
            "z": 65.86063
          },
          "screenPosition": {
            "x": 0.5336889,
            "y": 0.41673952
          },
          "deltaImage": "not-really-an-image.png"
        },
        {
          "modelPosition": null,
          "screenPosition": null,
          "deltaImage": null
        },
        {
          "modelPosition": {
            "x": -43.869076,
            "y": 165.12407,
            "z": 78.456795
          },
          "screenPosition": {
            "x": 0.4670877,
            "y": 0.15075608
          },
          "deltaImage": "not-really-an-image.png"
        },
        {
          "modelPosition": null,
          "screenPosition": null,
          "deltaImage": null
        },
        {
          "modelPosition": null,
          "screenPosition": null,
          "deltaImage": null
        },
        {
          "modelPosition": {
            "x": -44.622143,
            "y": 165.9906,
            "z": 71.98935
          },
          "screenPosition": {
            "x": 0.51827043,
            "y": 0.27436182
          },
          "deltaImage": "not-really-an-image.png"
        },
        {
          "modelPosition": null,
          "screenPosition": null,
          "deltaImage": null
        },
        {
          "modelPosition": {
            "x": -42.158787,
            "y": 164.51236,
            "z": 68.06354
          },
          "screenPosition": {
            "x": 0.60375583,
            "y": 0.30787253
          },
          "deltaImage": "not-really-an-image.png"
        },
        {
          "modelPosition": {
            "x": -40.078114,
            "y": 163.10167,
            "z": 67.74506
          },
          "screenPosition": {
            "x": 0.6457357,
            "y": 0.28385082
          },
          "deltaImage": "not-really-an-image.png"
        },
        {
          "modelPosition": {
            "x": -37.820644,
            "y": 161.52554,
            "z": 68.24251
          },
          "screenPosition": {
            "x": 0.6827824,
            "y": 0.24307236
          },
          "deltaImage": "not-really-an-image.png"
        },
        {
          "modelPosition": {
            "x": -37.3232,
            "y": 161.07451,
            "z": 70.27025
          },
          "screenPosition": {
            "x": 0.67160434,
            "y": 0.20060258
          },
          "deltaImage": "not-really-an-image.png"
        },
        {
          "modelPosition": {
            "x": -37.278904,
            "y": 160.941,
            "z": 72.17718
          },
          "screenPosition": {
            "x": 0.6601071,
            "y": 0.1581167
          },
          "deltaImage": "not-really-an-image.png"
        },
        {
          "modelPosition": {
            "x": -37.567516,
            "y": 160.98619,
            "z": 75.00413
          },
          "screenPosition": {
            "x": 0.62336844,
            "y": 0.116804585
          },
          "deltaImage": "not-really-an-image.png"
        },
        {
          "modelPosition": {
            "x": -39.142174,
            "y": 161.93964,
            "z": 77.35647
          },
          "screenPosition": {
            "x": 0.5662578,
            "y": 0.102761194
          },
          "deltaImage": "not-really-an-image.png"
        },
        {
          "modelPosition": {
            "x": -41.30025,
            "y": 163.52298,
            "z": 75.46434
          },
          "screenPosition": {
            "x": 0.5451263,
            "y": 0.16647309
          },
          "deltaImage": "not-really-an-image.png"
        },
        {
          "modelPosition": {
            "x": -41.776352,
            "y": 163.94818,
            "z": 73.64333
          },
          "screenPosition": {
            "x": 0.5546175,
            "y": 0.20503063
          },
          "deltaImage": "not-really-an-image.png"
        },
        {
          "modelPosition": {
            "x": -41.647514,
            "y": 164.00548,
            "z": 70.94856
          },
          "screenPosition": {
            "x": 0.5841726,
            "y": 0.25023618
          },
          "deltaImage": "not-really-an-image.png"
        },
        {
          "modelPosition": {
            "x": -41.21166,
            "y": 163.83243,
            "z": 68.61731
          },
          "screenPosition": {
            "x": 0.61581933,
            "y": 0.28473997
          },
          "deltaImage": "not-really-an-image.png"
        },
        {
          "modelPosition": {
            "x": -39.085297,
            "y": 162.36789,
            "z": 68.71495
          },
          "screenPosition": {
            "x": 0.65445465,
            "y": 0.25280485
          },
          "deltaImage": "not-really-an-image.png"
        },
        {
          "modelPosition": null,
          "screenPosition": null,
          "deltaImage": null
        },
        {
          "modelPosition": null,
          "screenPosition": null,
          "deltaImage": null
        },
        {
          "modelPosition": {
            "x": -40.07948,
            "y": 162.7739,
            "z": 73.823906
          },
          "screenPosition": {
            "x": 0.5844122,
            "y": 0.17775491
          },
          "deltaImage": "not-really-an-image.png"
        },
        {
          "modelPosition": {
            "x": -43.316116,
            "y": 165.02223,
            "z": 73.32226
          },
          "screenPosition": {
            "x": 0.5291651,
            "y": 0.23252663
          },
          "deltaImage": "not-really-an-image.png"
        },
        {
          "modelPosition": {
            "x": -44.869595,
            "y": 166.15189,
            "z": 72.147354
          },
          "screenPosition": {
            "x": 0.51206684,
            "y": 0.27512255
          },
          "deltaImage": "not-really-an-image.png"
        },
        {
          "modelPosition": {
            "x": -46.488605,
            "y": 167.31435,
            "z": 71.19695
          },
          "screenPosition": {
            "x": 0.49148372,
            "y": 0.31473103
          },
          "deltaImage": "not-really-an-image.png"
        },
        {
          "modelPosition": {
            "x": -48.19793,
            "y": 168.53795,
            "z": 70.26235
          },
          "screenPosition": {
            "x": 0.46905863,
            "y": 0.35534704
          },
          "deltaImage": "not-really-an-image.png"
        },
        {
          "modelPosition": null,
          "screenPosition": null,
          "deltaImage": null
        },
        {
          "modelPosition": {
            "x": -49.682117,
            "y": 169.7896,
            "z": 65.951645
          },
          "screenPosition": {
            "x": 0.48487118,
            "y": 0.45169917
          },
          "deltaImage": "not-really-an-image.png"
        },
        {
          "modelPosition": null,
          "screenPosition": null,
          "deltaImage": null
        },
        {
          "modelPosition": {
            "x": -47.180885,
            "y": 168.23378,
            "z": 62.979767
          },
          "screenPosition": {
            "x": 0.561443,
            "y": 0.468018
          },
          "deltaImage": "not-really-an-image.png"
        },
        {
          "modelPosition": {
            "x": -45.556694,
            "y": 167.14836,
            "z": 62.439426
          },
          "screenPosition": {
            "x": 0.59715456,
            "y": 0.45435926
          },
          "deltaImage": "not-really-an-image.png"
        },
        {
          "modelPosition": {
            "x": -43.688168,
            "y": 165.90369,
            "z": 61.74347
          },
          "screenPosition": {
            "x": 0.63898796,
            "y": 0.43994334
          },
          "deltaImage": "not-really-an-image.png"
        },
        {
          "modelPosition": null,
          "screenPosition": null,
          "deltaImage": null
        },
        {
          "modelPosition": {
            "x": -40.772594,
            "y": 163.73802,
            "z": 64.79092
          },
          "screenPosition": {
            "x": 0.66255593,
            "y": 0.34527373
          },
          "deltaImage": "not-really-an-image.png"
        },
        {
          "modelPosition": null,
          "screenPosition": null,
          "deltaImage": null
        },
        {
          "modelPosition": {
            "x": -44.364723,
            "y": 166.10599,
            "z": 66.58865
          },
          "screenPosition": {
            "x": 0.5774912,
            "y": 0.36491898
          },
          "deltaImage": "not-really-an-image.png"
        },
        {
          "modelPosition": null,
          "screenPosition": null,
          "deltaImage": null
        },
        {
          "modelPosition": {
            "x": -45.72873,
            "y": 167.30513,
            "z": 61.723804
          },
          "screenPosition": {
            "x": 0.60107094,
            "y": 0.4690669
          },
          "deltaImage": "not-really-an-image.png"
        },
        {
          "modelPosition": {
            "x": -44.031322,
            "y": 166.21652,
            "z": 60.31331
          },
          "screenPosition": {
            "x": 0.64701515,
            "y": 0.4697878
          },
          "deltaImage": "not-really-an-image.png"
        },
        {
          "modelPosition": {
            "x": -41.42689,
            "y": 164.45149,
            "z": 59.90051
          },
          "screenPosition": {
            "x": 0.6994995,
            "y": 0.43974662
          },
          "deltaImage": "not-really-an-image.png"
        },
        {
          "modelPosition": {
            "x": -39.71856,
            "y": 163.22247,
            "z": 60.947823
          },
          "screenPosition": {
            "x": 0.7209754,
            "y": 0.3973962
          },
          "deltaImage": "not-really-an-image.png"
        },
        {
          "modelPosition": {
            "x": -38.297634,
            "y": 162.1589,
            "z": 62.583206
          },
          "screenPosition": {
            "x": 0.7309606,
            "y": 0.3486464
          },
          "deltaImage": "not-really-an-image.png"
        },
        {
          "modelPosition": {
            "x": -37.07508,
            "y": 161.24103,
            "z": 64.041885
          },
          "screenPosition": {
            "x": 0.7390314,
            "y": 0.30580148
          },
          "deltaImage": "not-really-an-image.png"
        },
        {
          "modelPosition": {
            "x": -38.380424,
            "y": 162.00723,
            "z": 66.438705
          },
          "screenPosition": {
            "x": 0.6905409,
            "y": 0.2825192
          },
          "deltaImage": "not-really-an-image.png"
        },
        {
          "modelPosition": {
            "x": -40.46748,
            "y": 163.46848,
            "z": 65.90346
          },
          "screenPosition": {
            "x": 0.65705067,
            "y": 0.3215348
          },
          "deltaImage": "not-really-an-image.png"
        },
        {
          "modelPosition": null,
          "screenPosition": null,
          "deltaImage": null
        },
        {
          "modelPosition": {
            "x": -41.613155,
            "y": 164.54262,
            "z": 60.57921
          },
          "screenPosition": {
            "x": 0.6893909,
            "y": 0.43076676
          },
          "deltaImage": "not-really-an-image.png"
        },
        {
          "modelPosition": {
            "x": -39.60324,
            "y": 163.25432,
            "z": 58.89566
          },
          "screenPosition": {
            "x": 0.74381715,
            "y": 0.43158075
          },
          "deltaImage": "not-really-an-image.png"
        },
        {
          "modelPosition": {
            "x": -37.17382,
            "y": 161.56134,
            "z": 59.371464
          },
          "screenPosition": {
            "x": 0.784286,
            "y": 0.38873538
          },
          "deltaImage": "not-really-an-image.png"
        },
        {
          "modelPosition": {
            "x": -36.788147,
            "y": 161.15674,
            "z": 61.959236
          },
          "screenPosition": {
            "x": 0.7653782,
            "y": 0.33807832
          },
          "deltaImage": "not-really-an-image.png"
        },
        {
          "modelPosition": null,
          "screenPosition": null,
          "deltaImage": null
        },
        {
          "modelPosition": {
            "x": -40.666122,
            "y": 163.86249,
            "z": 61.13775
          },
          "screenPosition": {
            "x": 0.70140463,
            "y": 0.4075524
          },
          "deltaImage": "not-really-an-image.png"
        },
        {
          "modelPosition": {
            "x": -40.78364,
            "y": 164.08057,
            "z": 58.596394
          },
          "screenPosition": {
            "x": 0.72484076,
            "y": 0.45358676
          },
          "deltaImage": "not-really-an-image.png"
        },
        {
          "modelPosition": {
            "x": -39.301952,
            "y": 163.19519,
            "z": 56.165314
          },
          "screenPosition": {
            "x": 0.7769625,
            "y": 0.47496003
          },
          "deltaImage": "not-really-an-image.png"
        },
        {
          "modelPosition": null,
          "screenPosition": null,
          "deltaImage": null
        },
        {
          "modelPosition": null,
          "screenPosition": null,
          "deltaImage": null
        },
        {
          "modelPosition": null,
          "screenPosition": null,
          "deltaImage": null
        },
        {
          "modelPosition": null,
          "screenPosition": null,
          "deltaImage": null
        },
        {
          "modelPosition": {
            "x": -40.373474,
            "y": 163.89597,
            "z": 56.804707
          },
          "screenPosition": {
            "x": 0.75054985,
            "y": 0.4790323
          },
          "deltaImage": "not-really-an-image.png"
        },
        {
          "modelPosition": {
            "x": -39.961708,
            "y": 163.75073,
            "z": 54.26474
          },
          "screenPosition": {
            "x": 0.783834,
            "y": 0.51751757
          },
          "deltaImage": "not-really-an-image.png"
        },
        {
          "modelPosition": {
            "x": -38.37252,
            "y": 162.74054,
            "z": 52.777504
          },
          "screenPosition": {
            "x": 0.8284415,
            "y": 0.52088606
          },
          "deltaImage": "not-really-an-image.png"
        }
      ],
      "deltaImage": "20190825-081757/brain-CB3430-0.webp",
      "screenAreaInSqPixels": null,
      "screenAngle": null
    }
  ],
  "cameraMatrix": {
    "elements": [
      -0.7892654176573553,
      0.5895988654294273,
      0.17156129626023478,
      0.0,
      0.1064869138944014,
      -0.14373765877035427,
      0.983869921595565,
      0.0,
      0.6047484085629382,
      0.7948035375711088,
      0.05066259966725406,
      0.0,
      11.23881138873319,
      246.41095328593096,
      78.55439485523557,
      1.0
    ]
  },
  "baseImage": "20190825-081757/base.webp",
  "version": 0,
  "savedAt": 1.56672133252E12,
  "notes": null
}