{
  "startedAt": 1.566722339591E12,
  "surfaces": [
    {
      "brainId": "C783C0",
      "panelName": "F24P",
      "pixels": [
        {
          "modelPosition": null,
          "screenPosition": null,
          "deltaImage": null
        },
        {
          "modelPosition": {
            "x": -46.80616,
            "y": 33.722847,
            "z": -15.30876
          },
          "screenPosition": {
            "x": 0.86608666,
            "y": 0.06616402
          },
          "deltaImage": "not-really-an-image.png"
        },
        {
          "modelPosition": {
            "x": -46.132133,
            "y": 32.8287,
            "z": -11.9245405
          },
          "screenPosition": {
            "x": 0.8086572,
            "y": 0.08487918
          },
          "deltaImage": "not-really-an-image.png"
        },
        {
          "modelPosition": {
            "x": -46.920303,
            "y": 33.4914,
            "z": -9.949442
          },
          "screenPosition": {
            "x": 0.75750124,
            "y": 0.10757186
          },
          "deltaImage": "not-really-an-image.png"
        },
        {
          "modelPosition": {
            "x": -46.335068,
            "y": 34.678066,
            "z": -7.56995
          },
          "screenPosition": {
            "x": 0.73549706,
            "y": 0.15317713
          },
          "deltaImage": "not-really-an-image.png"
        },
        {
          "modelPosition": null,
          "screenPosition": null,
          "deltaImage": null
        },
        {
          "modelPosition": {
            "x": -44.65207,
            "y": 38.090637,
            "z": -5.490454
          },
          "screenPosition": {
            "x": 0.5504243,
            "y": 0.24687012
          },
          "deltaImage": "not-really-an-image.png"
        },
        {
          "modelPosition": {
            "x": -44.044483,
            "y": 39.322624,
            "z": -3.5668318
          },
          "screenPosition": {
            "x": 0.5342554,
            "y": 0.2829155
          },
          "deltaImage": "not-really-an-image.png"
        },
        {
          "modelPosition": {
            "x": -42.519993,
            "y": 40.15294,
            "z": -0.8492238
          },
          "screenPosition": {
            "x": 0.51144403,
            "y": 0.3243049
          },
          "deltaImage": "not-really-an-image.png"
        },
        {
          "modelPosition": {
            "x": -43.558033,
            "y": 40.30899,
            "z": 2.1616678
          },
          "screenPosition": {
            "x": 0.45764872,
            "y": 0.34516302
          },
          "deltaImage": "not-really-an-image.png"
        },
        {
          "modelPosition": {
            "x": -44.112976,
            "y": 39.18374,
            "z": 3.9889069
          },
          "screenPosition": {
            "x": 0.4180115,
            "y": 0.33983684
          },
          "deltaImage": "not-really-an-image.png"
        },
        {
          "modelPosition": {
            "x": -44.41287,
            "y": 38.57566,
            "z": 5.6332984
          },
          "screenPosition": {
            "x": 0.38620207,
            "y": 0.3422157
          },
          "deltaImage": "not-really-an-image.png"
        },
        {
          "modelPosition": {
            "x": -44.623665,
            "y": 38.148235,
            "z": 7.419446
          },
          "screenPosition": {
            "x": 0.35375807,
            "y": 0.3489933
          },
          "deltaImage": "not-really-an-image.png"
        },
        {
          "modelPosition": {
            "x": -44.2367,
            "y": 38.932873,
            "z": 7.0934577
          },
          "screenPosition": {
            "x": 0.36694488,
            "y": 0.3603989
          },
          "deltaImage": "not-really-an-image.png"
        },
        {
          "modelPosition": {
            "x": -43.94659,
            "y": 39.521122,
            "z": 5.983738
          },
          "screenPosition": {
            "x": 0.39039707,
            "y": 0.36191416
          },
          "deltaImage": "not-really-an-image.png"
        },
        {
          "modelPosition": {
            "x": -43.66607,
            "y": 40.089928,
            "z": 3.070091
          },
          "screenPosition": {
            "x": 0.44145408,
            "y": 0.34855226
          },
          "deltaImage": "not-really-an-image.png"
        },
        {
          "modelPosition": {
            "x": -43.833427,
            "y": 39.750576,
            "z": -0.12384667
          },
          "screenPosition": {
            "x": 0.48681897,
            "y": 0.31720605
          },
          "deltaImage": "not-really-an-image.png"
        },
        {
          "modelPosition": null,
          "screenPosition": null,
          "deltaImage": null
        },
        {
          "modelPosition": {
            "x": -46.376392,
            "y": 34.594276,
            "z": 0.3227469
          },
          "screenPosition": {
            "x": 0.57209104,
            "y": 0.22305301
          },
          "deltaImage": "not-really-an-image.png"
        },
        {
          "modelPosition": {
            "x": -46.756058,
            "y": 33.824436,
            "z": -1.5819253
          },
          "screenPosition": {
            "x": 0.58779615,
            "y": 0.18285267
          },
          "deltaImage": "not-really-an-image.png"
        },
        {
          "modelPosition": {
            "x": -46.35898,
            "y": 34.62958,
            "z": -4.1906223
          },
          "screenPosition": {
            "x": 0.6659103,
            "y": 0.18281052
          },
          "deltaImage": "not-really-an-image.png"
        },
        {
          "modelPosition": null,
          "screenPosition": null,
          "deltaImage": null
        },
        {
          "modelPosition": null,
          "screenPosition": null,
          "deltaImage": null
        },
        {
          "modelPosition": null,
          "screenPosition": null,
          "deltaImage": null
        },
        {
          "modelPosition": {
            "x": -46.623024,
            "y": 34.09419,
            "z": 1.9280288
          },
          "screenPosition": {
            "x": 0.5164649,
            "y": 0.21449505
          },
          "deltaImage": "not-really-an-image.png"
        },
        {
          "modelPosition": {
            "x": -46.667946,
            "y": 34.0031,
            "z": -1.4258215
          },
          "screenPosition": {
            "x": 0.58434564,
            "y": 0.18438332
          },
          "deltaImage": "not-really-an-image.png"
        },
        {
          "modelPosition": {
            "x": -46.69214,
            "y": 33.95404,
            "z": -4.7125106
          },
          "screenPosition": {
            "x": 0.6508169,
            "y": 0.1548968
          },
          "deltaImage": "not-really-an-image.png"
        },
        {
          "modelPosition": null,
          "screenPosition": null,
          "deltaImage": null
        },
        {
          "modelPosition": {
            "x": -44.600212,
            "y": 38.19579,
            "z": -3.155496
          },
          "screenPosition": {
            "x": 0.5167595,
            "y": 0.2664932
          },
          "deltaImage": "not-really-an-image.png"
        },
        {
          "modelPosition": {
            "x": -43.95837,
            "y": 39.497234,
            "z": -0.76206005
          },
          "screenPosition": {
            "x": 0.49391395,
            "y": 0.3077536
          },
          "deltaImage": "not-really-an-image.png"
        },
        {
          "modelPosition": {
            "x": -44.058517,
            "y": 39.294167,
            "z": 2.237192
          },
          "screenPosition": {
            "x": 0.44615662,
            "y": 0.32782683
          },
          "deltaImage": "not-really-an-image.png"
        },
        {
          "modelPosition": {
            "x": -44.71603,
            "y": 37.960945,
            "z": 4.9616275
          },
          "screenPosition": {
            "x": 0.3904101,
            "y": 0.32589146
          },
          "deltaImage": "not-really-an-image.png"
        },
        {
          "modelPosition": null,
          "screenPosition": null,
          "deltaImage": null
        },
        {
          "modelPosition": {
            "x": -46.927013,
            "y": 33.47779,
            "z": 4.627619
          },
          "screenPosition": {
            "x": 0.4628118,
            "y": 0.23829545
          },
          "deltaImage": "not-really-an-image.png"
        },
        {
          "modelPosition": {
            "x": -46.713963,
            "y": 33.909794,
            "z": 0.33931875
          },
          "screenPosition": {
            "x": 0.54884344,
            "y": 0.20013201
          },
          "deltaImage": "not-really-an-image.png"
        },
        {
          "modelPosition": {
            "x": -45.18464,
            "y": 37.01076,
            "z": 0.5846499
          },
          "screenPosition": {
            "x": 0.44828045,
            "y": 0.2746614
          },
          "deltaImage": "not-really-an-image.png"
        },
        {
          "modelPosition": {
            "x": -44.52778,
            "y": 38.34266,
            "z": 1.8859541
          },
          "screenPosition": {
            "x": 0.4418724,
            "y": 0.30825627
          },
          "deltaImage": "not-really-an-image.png"
        },
        {
          "modelPosition": {
            "x": -44.55298,
            "y": 38.29156,
            "z": 4.6395197
          },
          "screenPosition": {
            "x": 0.39880264,
            "y": 0.32919472
          },
          "deltaImage": "not-really-an-image.png"
        },
        {
          "modelPosition": {
            "x": -44.440617,
            "y": 38.519394,
            "z": 7.2047176
          },
          "screenPosition": {
            "x": 0.36095154,
            "y": 0.3538989
          },
          "deltaImage": "not-really-an-image.png"
        },
        {
          "modelPosition": {
            "x": -44.87404,
            "y": 37.640553,
            "z": 8.986509
          },
          "screenPosition": {
            "x": 0.32369524,
            "y": 0.3526035
          },
          "deltaImage": "not-really-an-image.png"
        },
        {
          "modelPosition": {
            "x": -44.123158,
            "y": 39.163097,
            "z": 11.907197
          },
          "screenPosition": {
            "x": 0.2925493,
            "y": 0.4041729
          },
          "deltaImage": "not-really-an-image.png"
        },
        {
          "modelPosition": {
            "x": -43.32702,
            "y": 40.777515,
            "z": 13.376968
          },
          "screenPosition": {
            "x": 0.28547964,
            "y": 0.44595248
          },
          "deltaImage": "not-really-an-image.png"
        },
        {
          "modelPosition": {
            "x": -42.25763,
            "y": 42.946064,
            "z": 14.533419
          },
          "screenPosition": {
            "x": 0.28923795,
            "y": 0.49561617
          },
          "deltaImage": "not-really-an-image.png"
        },
        {
          "modelPosition": {
            "x": -41.238686,
            "y": 45.01225,
            "z": 13.130876
          },
          "screenPosition": {
            "x": 0.33356053,
            "y": 0.5213888
          },
          "deltaImage": "not-really-an-image.png"
        },
        {
          "modelPosition": null,
          "screenPosition": null,
          "deltaImage": null
        },
        {
          "modelPosition": {
            "x": -40.867977,
            "y": 43.50285,
            "z": 8.499711
          },
          "screenPosition": {
            "x": 0.39885944,
            "y": 0.4601186
          },
          "deltaImage": "not-really-an-image.png"
        },
        {
          "modelPosition": {
            "x": -42.217224,
            "y": 43.02777,
            "z": 7.549991
          },
          "screenPosition": {
            "x": 0.40187824,
            "y": 0.43770552
          },
          "deltaImage": "not-really-an-image.png"
        },
        {
          "modelPosition": null,
          "screenPosition": null,
          "deltaImage": null
        },
        {
          "modelPosition": null,
          "screenPosition": null,
          "deltaImage": null
        },
        {
          "modelPosition": null,
          "screenPosition": null,
          "deltaImage": null
        },
        {
          "modelPosition": null,
          "screenPosition": null,
          "deltaImage": null
        },
        {
          "modelPosition": null,
          "screenPosition": null,
          "deltaImage": null
        },
        {
          "modelPosition": null,
          "screenPosition": null,
          "deltaImage": null
        },
        {
          "modelPosition": {
            "x": -44.98669,
            "y": 37.412136,
            "z": 10.384917
          },
          "screenPosition": {
            "x": 0.29898745,
            "y": 0.3599006
          },
          "deltaImage": "not-really-an-image.png"
        },
        {
          "modelPosition": {
            "x": -45.701706,
            "y": 35.962315,
            "z": 12.096455
          },
          "screenPosition": {
            "x": 0.25643972,
            "y": 0.34770444
          },
          "deltaImage": "not-really-an-image.png"
        },
        {
          "modelPosition": {
            "x": -46.385895,
            "y": 34.575005,
            "z": 13.639262
          },
          "screenPosition": {
            "x": 0.30102012,
            "y": 0.3432847
          },
          "deltaImage": "not-really-an-image.png"
        },
        {
          "modelPosition": {
            "x": -46.541134,
            "y": 34.26023,
            "z": 15.312055
          },
          "screenPosition": {
            "x": 0.246019,
            "y": 0.33446425
          },
          "deltaImage": "not-really-an-image.png"
        },
        {
          "modelPosition": {
            "x": -46.376167,
            "y": 34.59473,
            "z": 19.068323
          },
          "screenPosition": {
            "x": 0.1886409,
            "y": 0.39256513
          },
          "deltaImage": "not-really-an-image.png"
        },
        {
          "modelPosition": {
            "x": -45.301308,
            "y": 36.774204,
            "z": 18.711832
          },
          "screenPosition": {
            "x": 0.15571551,
            "y": 0.4177728
          },
          "deltaImage": "not-really-an-image.png"
        },
        {
          "modelPosition": {
            "x": -44.381264,
            "y": 38.639843,
            "z": 17.55125
          },
          "screenPosition": {
            "x": 0.1945795,
            "y": 0.44230223
          },
          "deltaImage": "not-really-an-image.png"
        },
        {
          "modelPosition": null,
          "screenPosition": null,
          "deltaImage": null
        },
        {
          "modelPosition": {
            "x": -41.990726,
            "y": 43.487137,
            "z": 9.579097
          },
          "screenPosition": {
            "x": 0.37457392,
            "y": 0.46307132
          },
          "deltaImage": "not-really-an-image.png"
        },
        {
          "modelPosition": {
            "x": -42.734997,
            "y": 41.977837,
            "z": 6.3607745
          },
          "screenPosition": {
            "x": 0.40971044,
            "y": 0.40896356
          },
          "deltaImage": "not-really-an-image.png"
        },
        {
          "modelPosition": {
            "x": -44.03733,
            "y": 39.33713,
            "z": 7.2435207
          },
          "screenPosition": {
            "x": 0.36872864,
            "y": 0.36886138
          },
          "deltaImage": "not-really-an-image.png"
        },
        {
          "modelPosition": {
            "x": -44.83145,
            "y": 37.726906,
            "z": 7.7908235
          },
          "screenPosition": {
            "x": 0.34356695,
            "y": 0.34445268
          },
          "deltaImage": "not-really-an-image.png"
        },
        {
          "modelPosition": {
            "x": -45.917606,
            "y": 35.524544,
            "z": 8.810262
          },
          "screenPosition": {
            "x": 0.30479681,
            "y": 0.31320176
          },
          "deltaImage": "not-really-an-image.png"
        },
        {
          "modelPosition": {
            "x": -46.608143,
            "y": 34.124363,
            "z": 10.63267
          },
          "screenPosition": {
            "x": 0.3406484,
            "y": 0.29248685
          },
          "deltaImage": "not-really-an-image.png"
        },
        {
          "modelPosition": {
            "x": -46.866306,
            "y": 33.60089,
            "z": 13.445368
          },
          "screenPosition": {
            "x": 0.28441095,
            "y": 0.31743369
          },
          "deltaImage": "not-really-an-image.png"
        },
        {
          "modelPosition": {
            "x": -46.941013,
            "y": 33.44941,
            "z": 15.771311
          },
          "screenPosition": {
            "x": 0.23753789,
            "y": 0.33822647
          },
          "deltaImage": "not-really-an-image.png"
        },
        {
          "modelPosition": {
            "x": -46.668278,
            "y": 34.002426,
            "z": 18.173475
          },
          "screenPosition": {
            "x": 0.18849011,
            "y": 0.35998395
          },
          "deltaImage": "not-really-an-image.png"
        },
        {
          "modelPosition": {
            "x": -46.237625,
            "y": 34.875645,
            "z": 20.011692
          },
          "screenPosition": {
            "x": 0.11399735,
            "y": 0.3937174
          },
          "deltaImage": "not-really-an-image.png"
        },
        {
          "modelPosition": {
            "x": -45.088173,
            "y": 37.206493,
            "z": 21.643116
          },
          "screenPosition": {
            "x": 0.11066512,
            "y": 0.45099273
          },
          "deltaImage": "not-really-an-image.png"
        },
        {
          "modelPosition": {
            "x": -45.00034,
            "y": 37.384647,
            "z": 22.876474
          },
          "screenPosition": {
            "x": 0.09145006,
            "y": 0.46506295
          },
          "deltaImage": "not-really-an-image.png"
        },
        {
          "modelPosition": {
            "x": -44.31425,
            "y": 38.775963,
            "z": 24.64689
          },
          "screenPosition": {
            "x": 0.075622976,
            "y": 0.5068188
          },
          "deltaImage": "not-really-an-image.png"
        },
        {
          "modelPosition": {
            "x": -43.328823,
            "y": 40.77425,
            "z": 25.486061
          },
          "screenPosition": {
            "x": 0.082244374,
            "y": 0.5521167
          },
          "deltaImage": "not-really-an-image.png"
        },
        {
          "modelPosition": null,
          "screenPosition": null,
          "deltaImage": null
        },
        {
          "modelPosition": {
            "x": -41.37537,
            "y": 44.73551,
            "z": 26.23787
          },
          "screenPosition": {
            "x": 0.11135243,
            "y": 0.6343384
          },
          "deltaImage": "not-really-an-image.png"
        },
        {
          "modelPosition": null,
          "screenPosition": null,
          "deltaImage": null
        },
        {
          "modelPosition": {
            "x": -39.316013,
            "y": 48.911457,
            "z": 25.22162
          },
          "screenPosition": {
            "x": 0.17352003,
            "y": 0.7045239
          },
          "deltaImage": "not-really-an-image.png"
        },
        {
          "modelPosition": null,
          "screenPosition": {
            "x": 0.2639089,
            "y": 0.6779474
          },
          "deltaImage": "not-really-an-image.png"
        },
        {
          "modelPosition": null,
          "screenPosition": null,
          "deltaImage": null
        },
        {
          "modelPosition": {
            "x": -40.51955,
            "y": 46.47067,
            "z": 17.664923
          },
          "screenPosition": {
            "x": 0.27480987,
            "y": 0.5885011
          },
          "deltaImage": "not-really-an-image.png"
        },
        {
          "modelPosition": {
            "x": -41.221104,
            "y": 45.048088,
            "z": 18.933851
          },
          "screenPosition": {
            "x": 0.2387707,
            "y": 0.5733761
          },
          "deltaImage": "not-really-an-image.png"
        },
        {
          "modelPosition": {
            "x": -42.37994,
            "y": 42.69823,
            "z": 20.094778
          },
          "screenPosition": {
            "x": 0.19458924,
            "y": 0.53987217
          },
          "deltaImage": "not-really-an-image.png"
        },
        {
          "modelPosition": {
            "x": -43.327847,
            "y": 40.776012,
            "z": 18.948124
          },
          "screenPosition": {
            "x": 0.19361316,
            "y": 0.49394086
          },
          "deltaImage": "not-really-an-image.png"
        },
        {
          "modelPosition": null,
          "screenPosition": null,
          "deltaImage": null
        },
        {
          "modelPosition": {
            "x": -44.76172,
            "y": 37.86831,
            "z": 15.386525
          },
          "screenPosition": {
            "x": 0.22238949,
            "y": 0.40972763
          },
          "deltaImage": "not-really-an-image.png"
        },
        {
          "modelPosition": {
            "x": -43.85861,
            "y": 39.699547,
            "z": 13.233892
          },
          "screenPosition": {
            "x": 0.27661455,
            "y": 0.42506078
          },
          "deltaImage": "not-really-an-image.png"
        },
        {
          "modelPosition": {
            "x": -42.70143,
            "y": 42.046047,
            "z": 12.286759
          },
          "screenPosition": {
            "x": 0.31630212,
            "y": 0.45984545
          },
          "deltaImage": "not-really-an-image.png"
        },
        {
          "modelPosition": {
            "x": -41.610428,
            "y": 44.25841,
            "z": 12.675227
          },
          "screenPosition": {
            "x": 0.33305126,
            "y": 0.503615
          },
          "deltaImage": "not-really-an-image.png"
        },
        {
          "modelPosition": null,
          "screenPosition": null,
          "deltaImage": null
        },
        {
          "modelPosition": null,
          "screenPosition": null,
          "deltaImage": null
        },
        {
          "modelPosition": {
            "x": -40.923973,
            "y": 45.650665,
            "z": 20.439806
          },
          "screenPosition": {
            "x": 0.21995862,
            "y": 0.5982658
          },
          "deltaImage": "not-really-an-image.png"
        },
        {
          "modelPosition": {
            "x": -41.8608,
            "y": 43.75099,
            "z": 21.591051
          },
          "screenPosition": {
            "x": 0.18047163,
            "y": 0.57302487
          },
          "deltaImage": "not-really-an-image.png"
        },
        {
          "modelPosition": {
            "x": -43.00857,
            "y": 41.42353,
            "z": 21.64166
          },
          "screenPosition": {
            "x": 0.15503927,
            "y": 0.52980304
          },
          "deltaImage": "not-really-an-image.png"
        },
        {
          "modelPosition": {
            "x": -44.040806,
            "y": 39.330357,
            "z": 21.691936
          },
          "screenPosition": {
            "x": 0.13214226,
            "y": 0.49106947
          },
          "deltaImage": "not-really-an-image.png"
        },
        {
          "modelPosition": {
            "x": -44.96223,
            "y": 37.46185,
            "z": 20.652124
          },
          "screenPosition": {
            "x": 0.13018231,
            "y": 0.44716522
          },
          "deltaImage": "not-really-an-image.png"
        },
        {
          "modelPosition": {
            "x": -45.920128,
            "y": 35.519432,
            "z": 19.164967
          },
          "screenPosition": {
            "x": 0.13501126,
            "y": 0.39844507
          },
          "deltaImage": "not-really-an-image.png"
        },
        {
          "modelPosition": {
            "x": -46.50805,
            "y": 34.327316,
            "z": 17.622416
          },
          "screenPosition": {
            "x": 0.19931583,
            "y": 0.3551817
          },
          "deltaImage": "not-really-an-image.png"
        },
        {
          "modelPosition": null,
          "screenPosition": null,
          "deltaImage": null
        },
        {
          "modelPosition": null,
          "screenPosition": null,
          "deltaImage": null
        },
        {
          "modelPosition": {
            "x": -45.103733,
            "y": 37.174812,
            "z": 13.411311
          },
          "screenPosition": {
            "x": 0.24757369,
            "y": 0.380546
          },
          "deltaImage": "not-really-an-image.png"
        },
        {
          "modelPosition": {
            "x": -44.355774,
            "y": 38.69145,
            "z": 14.924011
          },
          "screenPosition": {
            "x": 0.23854536,
            "y": 0.4208995
          },
          "deltaImage": "not-really-an-image.png"
        },
        {
          "modelPosition": {
            "x": -43.8155,
            "y": 39.78708,
            "z": 16.78951
          },
          "screenPosition": {
            "x": 0.21919851,
            "y": 0.45692533
          },
          "deltaImage": "not-really-an-image.png"
        },
        {
          "modelPosition": {
            "x": -42.790062,
            "y": 41.86653,
            "z": 18.592897
          },
          "screenPosition": {
            "x": 0.21098877,
            "y": 0.51108557
          },
          "deltaImage": "not-really-an-image.png"
        },
        {
          "modelPosition": {
            "x": -41.537308,
            "y": 44.40686,
            "z": 18.179918
          },
          "screenPosition": {
            "x": 0.24455354,
            "y": 0.5546756
          },
          "deltaImage": "not-really-an-image.png"
        },
        {
          "modelPosition": {
            "x": -41.333633,
            "y": 44.819782,
            "z": 15.233534
          },
          "screenPosition": {
            "x": 0.29740098,
            "y": 0.53624654
          },
          "deltaImage": "not-really-an-image.png"
        },
        {
          "modelPosition": {
            "x": -41.76903,
            "y": 43.93679,
            "z": 12.729999
          },
          "screenPosition": {
            "x": 0.3288173,
            "y": 0.49819916
          },
          "deltaImage": "not-really-an-image.png"
        },
        {
          "modelPosition": {
            "x": -42.37761,
            "y": 42.70265,
            "z": 10.782832
          },
          "screenPosition": {
            "x": 0.34726697,
            "y": 0.45902747
          },
          "deltaImage": "not-really-an-image.png"
        },
        {
          "modelPosition": null,
          "screenPosition": null,
          "deltaImage": null
        },
        {
          "modelPosition": null,
          "screenPosition": null,
          "deltaImage": null
        },
        {
          "modelPosition": null,
          "screenPosition": null,
          "deltaImage": null
        },
        {
          "modelPosition": {
            "x": -45.51885,
            "y": 36.33309,
            "z": 4.624753
          },
          "screenPosition": {
            "x": 0.37906733,
            "y": 0.29432243
          },
          "deltaImage": "not-really-an-image.png"
        },
        {
          "modelPosition": {
            "x": -46.742294,
            "y": 33.85235,
            "z": 4.148076
          },
          "screenPosition": {
            "x": 0.47198448,
            "y": 0.23422648
          },
          "deltaImage": "not-really-an-image.png"
        },
        {
          "modelPosition": {
            "x": -46.974453,
            "y": 33.381603,
            "z": 8.2734785
          },
          "screenPosition": {
            "x": 0.3892162,
            "y": 0.2709423
          },
          "deltaImage": "not-really-an-image.png"
        },
        {
          "modelPosition": {
            "x": -46.351944,
            "y": 34.64385,
            "z": 9.700367
          },
          "screenPosition": {
            "x": 0.38226792,
            "y": 0.30899706
          },
          "deltaImage": "not-really-an-image.png"
        },
        {
          "modelPosition": null,
          "screenPosition": null,
          "deltaImage": null
        },
        {
          "modelPosition": {
            "x": -44.64496,
            "y": 38.105057,
            "z": 13.759313
          },
          "screenPosition": {
            "x": 0.25152627,
            "y": 0.40039152
          },
          "deltaImage": "not-really-an-image.png"
        },
        {
          "modelPosition": null,
          "screenPosition": null,
          "deltaImage": null
        },
        {
          "modelPosition": null,
          "screenPosition": null,
          "deltaImage": null
        },
        {
          "modelPosition": null,
          "screenPosition": null,
          "deltaImage": null
        },
        {
          "modelPosition": null,
          "screenPosition": null,
          "deltaImage": null
        },
        {
          "modelPosition": null,
          "screenPosition": null,
          "deltaImage": null
        },
        {
          "modelPosition": null,
          "screenPosition": null,
          "deltaImage": null
        },
        {
          "modelPosition": {
            "x": -38.2048,
            "y": 51.16498,
            "z": 31.16031
          },
          "screenPosition": {
            "x": 0.094340056,
            "y": 0.8059355
          },
          "deltaImage": "not-really-an-image.png"
        },
        {
          "modelPosition": {
            "x": -39.396755,
            "y": 48.747925,
            "z": 31.232521
          },
          "screenPosition": {
            "x": 0.06687276,
            "y": 0.75951445
          },
          "deltaImage": "not-really-an-image.png"
        },
        {
          "modelPosition": {
            "x": -40.234962,
            "y": 47.048153,
            "z": 29.763968
          },
          "screenPosition": {
            "x": 0.07450077,
            "y": 0.7122215
          },
          "deltaImage": "not-really-an-image.png"
        },
        {
          "modelPosition": {
            "x": -40.80403,
            "y": 45.894127,
            "z": 28.00442
          },
          "screenPosition": {
            "x": 0.09299289,
            "y": 0.67313987
          },
          "deltaImage": "not-really-an-image.png"
        },
        {
          "modelPosition": {
            "x": -40.72158,
            "y": 46.06128,
            "z": 26.489487
          },
          "screenPosition": {
            "x": 0.12115347,
            "y": 0.6620234
          },
          "deltaImage": "not-really-an-image.png"
        },
        {
          "modelPosition": {
            "x": -40.944035,
            "y": 45.610126,
            "z": 24.815428
          },
          "screenPosition": {
            "x": 0.14522877,
            "y": 0.63774574
          },
          "deltaImage": "not-really-an-image.png"
        },
        {
          "modelPosition": {
            "x": -41.018982,
            "y": 45.458073,
            "z": 22.487175
          },
          "screenPosition": {
            "x": 0.18337,
            "y": 0.6133435
          },
          "deltaImage": "not-really-an-image.png"
        },
        {
          "modelPosition": {
            "x": -42.081787,
            "y": 43.302876,
            "z": 21.591232
          },
          "screenPosition": {
            "x": 0.17573178,
            "y": 0.5646082
          },
          "deltaImage": "not-really-an-image.png"
        },
        {
          "modelPosition": null,
          "screenPosition": null,
          "deltaImage": null
        },
        {
          "modelPosition": {
            "x": -43.989033,
            "y": 39.435406,
            "z": 23.568419
          },
          "screenPosition": {
            "x": 0.101173684,
            "y": 0.50963503
          },
          "deltaImage": "not-really-an-image.png"
        },
        {
          "modelPosition": {
            "x": -44.292553,
            "y": 38.820004,
            "z": 25.819956
          },
          "screenPosition": {
            "x": 0.05573946,
            "y": 0.51813364
          },
          "deltaImage": "not-really-an-image.png"
        },
        {
          "modelPosition": {
            "x": -43.827164,
            "y": 39.76378,
            "z": 27.575684
          },
          "screenPosition": {
            "x": 0.03506517,
            "y": 0.55191046
          },
          "deltaImage": "not-really-an-image.png"
        },
        {
          "modelPosition": {
            "x": -42.54441,
            "y": 42.36499,
            "z": 28.562983
          },
          "screenPosition": {
            "x": 0.045430053,
            "y": 0.61068225
          },
          "deltaImage": "not-really-an-image.png"
        },
        {
          "modelPosition": {
            "x": -42.072777,
            "y": 43.32129,
            "z": 26.035332
          },
          "screenPosition": {
            "x": 0.099788256,
            "y": 0.60550696
          },
          "deltaImage": "not-really-an-image.png"
        },
        {
          "modelPosition": null,
          "screenPosition": null,
          "deltaImage": null
        },
        {
          "modelPosition": {
            "x": -43.72673,
            "y": 39.967266,
            "z": 22.43448
          },
          "screenPosition": {
            "x": 0.12619789,
            "y": 0.50955236
          },
          "deltaImage": "not-really-an-image.png"
        },
        {
          "modelPosition": null,
          "screenPosition": null,
          "deltaImage": null
        },
        {
          "modelPosition": {
            "x": -45.1064,
            "y": 37.16966,
            "z": 25.276873
          },
          "screenPosition": {
            "x": 0.047740865,
            "y": 0.48213637
          },
          "deltaImage": "not-really-an-image.png"
        },
        {
          "modelPosition": null,
          "screenPosition": null,
          "deltaImage": null
        },
        {
          "modelPosition": {
            "x": -43.703804,
            "y": 40.013935,
            "z": 27.916616
          },
          "screenPosition": {
            "x": 0.03173627,
            "y": 0.5597869
          },
          "deltaImage": "not-really-an-image.png"
        },
        {
          "modelPosition": null,
          "screenPosition": null,
          "deltaImage": null
        },
        {
          "modelPosition": {
            "x": -41.720585,
            "y": 44.03559,
            "z": 29.689629
          },
          "screenPosition": {
            "x": 0.04343803,
            "y": 0.65335447
          },
          "deltaImage": "not-really-an-image.png"
        },
        {
          "modelPosition": {
            "x": -40.7183,
            "y": 46.068035,
            "z": 29.803957
          },
          "screenPosition": {
            "x": 0.06324766,
            "y": 0.6936578
          },
          "deltaImage": "not-really-an-image.png"
        },
        {
          "modelPosition": null,
          "screenPosition": null,
          "deltaImage": null
        },
        {
          "modelPosition": {
            "x": -38.875362,
            "y": 49.80507,
            "z": 26.901949
          },
          "screenPosition": {
            "x": 0.1541536,
            "y": 0.73777694
          },
          "deltaImage": "not-really-an-image.png"
        },
        {
          "modelPosition": {
            "x": -39.313297,
            "y": 48.91691,
            "z": 23.535753
          },
          "screenPosition": {
            "x": 0.2023758,
            "y": 0.6886537
          },
          "deltaImage": "not-really-an-image.png"
        },
        {
          "modelPosition": {
            "x": -40.07854,
            "y": 47.3651,
            "z": 22.189066
          },
          "screenPosition": {
            "x": 0.20867573,
            "y": 0.64662665
          },
          "deltaImage": "not-really-an-image.png"
        },
        {
          "modelPosition": {
            "x": -40.974655,
            "y": 45.547924,
            "z": 21.590332
          },
          "screenPosition": {
            "x": 0.19950451,
            "y": 0.606822
          },
          "deltaImage": "not-really-an-image.png"
        },
        {
          "modelPosition": {
            "x": -42.104603,
            "y": 43.256577,
            "z": 20.643715
          },
          "screenPosition": {
            "x": 0.19124089,
            "y": 0.5552217
          },
          "deltaImage": "not-really-an-image.png"
        },
        {
          "modelPosition": {
            "x": -43.258167,
            "y": 40.91738,
            "z": 20.945911
          },
          "screenPosition": {
            "x": 0.16149203,
            "y": 0.51415205
          },
          "deltaImage": "not-really-an-image.png"
        },
        {
          "modelPosition": {
            "x": -44.185673,
            "y": 39.036583,
            "z": 21.245865
          },
          "screenPosition": {
            "x": 0.13663289,
            "y": 0.48166662
          },
          "deltaImage": "not-really-an-image.png"
        },
        {
          "modelPosition": {
            "x": -45.100708,
            "y": 37.1811,
            "z": 22.383688
          },
          "screenPosition": {
            "x": 0.09775301,
            "y": 0.45695627
          },
          "deltaImage": "not-really-an-image.png"
        },
        {
          "modelPosition": null,
          "screenPosition": null,
          "deltaImage": null
        },
        {
          "modelPosition": {
            "x": -44.502804,
            "y": 38.39368,
            "z": 26.645456
          },
          "screenPosition": {
            "x": 0.03682371,
            "y": 0.51746994
          },
          "deltaImage": "not-really-an-image.png"
        },
        {
          "modelPosition": null,
          "screenPosition": null,
          "deltaImage": null
        },
        {
          "modelPosition": {
            "x": -42.984276,
            "y": 41.473038,
            "z": 28.798399
          },
          "screenPosition": {
            "x": 0.03175719,
            "y": 0.5957835
          },
          "deltaImage": "not-really-an-image.png"
        },
        {
          "modelPosition": {
            "x": -41.782375,
            "y": 43.910316,
            "z": 30.460941
          },
          "screenPosition": {
            "x": 0.028427118,
            "y": 0.6582521
          },
          "deltaImage": "not-really-an-image.png"
        },
        {
          "modelPosition": {
            "x": -40.887066,
            "y": 45.725773,
            "z": 28.684917
          },
          "screenPosition": {
            "x": 0.07926775,
            "y": 0.6763674
          },
          "deltaImage": "not-really-an-image.png"
        },
        {
          "modelPosition": null,
          "screenPosition": null,
          "deltaImage": null
        },
        {
          "modelPosition": {
            "x": -41.62703,
            "y": 44.225113,
            "z": 23.873714
          },
          "screenPosition": {
            "x": 0.14664614,
            "y": 0.6027609
          },
          "deltaImage": "not-really-an-image.png"
        },
        {
          "modelPosition": null,
          "screenPosition": null,
          "deltaImage": null
        },
        {
          "modelPosition": null,
          "screenPosition": null,
          "deltaImage": null
        },
        {
          "modelPosition": null,
          "screenPosition": null,
          "deltaImage": null
        },
        {
          "modelPosition": null,
          "screenPosition": null,
          "deltaImage": null
        },
        {
          "modelPosition": {
            "x": -46.536194,
            "y": 34.270245,
            "z": 19.616085
          },
          "screenPosition": {
            "x": 0.15912464,
            "y": 0.3730104
          },
          "deltaImage": "not-really-an-image.png"
        },
        {
          "modelPosition": {
            "x": -46.86162,
            "y": 33.61039,
            "z": 21.200806
          },
          "screenPosition": {
            "x": 0.12764245,
            "y": 0.38697582
          },
          "deltaImage": "not-really-an-image.png"
        },
        {
          "modelPosition": null,
          "screenPosition": null,
          "deltaImage": null
        },
        {
          "modelPosition": null,
          "screenPosition": null,
          "deltaImage": null
        },
        {
          "modelPosition": {
            "x": -44.990852,
            "y": 37.403828,
            "z": 21.04898
          },
          "screenPosition": {
            "x": 0.122841775,
            "y": 0.44951913
          },
          "deltaImage": "not-really-an-image.png"
        },
        {
          "modelPosition": {
            "x": -46.178715,
            "y": 34.995102,
            "z": 18.96743
          },
          "screenPosition": {
            "x": 0.13287489,
            "y": 0.38709792
          },
          "deltaImage": "not-really-an-image.png"
        },
        {
          "modelPosition": {
            "x": -46.949966,
            "y": 33.43125,
            "z": 19.717466
          },
          "screenPosition": {
            "x": 0.1577655,
            "y": 0.37361333
          },
          "deltaImage": "not-really-an-image.png"
        },
        {
          "modelPosition": {
            "x": -46.864693,
            "y": 33.60416,
            "z": 23.019577
          },
          "screenPosition": {
            "x": 0.09088426,
            "y": 0.4032817
          },
          "deltaImage": "not-really-an-image.png"
        },
        {
          "modelPosition": {
            "x": -45.88747,
            "y": 35.585754,
            "z": 24.09994
          },
          "screenPosition": {
            "x": 0.051464453,
            "y": 0.4420419
          },
          "deltaImage": "not-really-an-image.png"
        },
        {
          "modelPosition": {
            "x": -45.696617,
            "y": 35.972687,
            "z": 21.594166
          },
          "screenPosition": {
            "x": 0.09856805,
            "y": 0.42758673
          },
          "deltaImage": "not-really-an-image.png"
        },
        {
          "modelPosition": {
            "x": -46.794018,
            "y": 33.74747,
            "z": 21.003296
          },
          "screenPosition": {
            "x": 0.13153154,
            "y": 0.38525066
          },
          "deltaImage": "not-really-an-image.png"
        },
        {
          "modelPosition": {
            "x": -46.726624,
            "y": 33.88412,
            "z": 23.949385
          },
          "screenPosition": {
            "x": 0.071909465,
            "y": 0.41169888
          },
          "deltaImage": "not-really-an-image.png"
        },
        {
          "modelPosition": {
            "x": -40.36981,
            "y": 46.774773,
            "z": 31.54971
          },
          "screenPosition": {
            "x": 0.039907873,
            "y": 0.7242211
          },
          "deltaImage": "not-really-an-image.png"
        },
        {
          "modelPosition": {
            "x": -39.6564,
            "y": 48.221462,
            "z": 32.67234
          },
          "screenPosition": {
            "x": 0.03551495,
            "y": 0.76343083
          },
          "deltaImage": "not-really-an-image.png"
        },
        {
          "modelPosition": {
            "x": -39.12433,
            "y": 49.30044,
            "z": 33.980675
          },
          "screenPosition": {
            "x": 0.023744198,
            "y": 0.7975945
          },
          "deltaImage": "not-really-an-image.png"
        },
        {
          "modelPosition": {
            "x": -38.30608,
            "y": 50.95976,
            "z": 35.91403
          },
          "screenPosition": {
            "x": 0.006870698,
            "y": 0.8499141
          },
          "deltaImage": "not-really-an-image.png"
        },
        {
          "modelPosition": {
            "x": -37.118515,
            "y": 53.367912,
            "z": 35.85551
          },
          "screenPosition": {
            "x": 0.034314003,
            "y": 0.8971039
          },
          "deltaImage": "not-really-an-image.png"
        },
        {
          "modelPosition": null,
          "screenPosition": null,
          "deltaImage": null
        },
        {
          "modelPosition": null,
          "screenPosition": null,
          "deltaImage": null
        },
        {
          "modelPosition": null,
          "screenPosition": null,
          "deltaImage": null
        },
        {
          "modelPosition": null,
          "screenPosition": null,
          "deltaImage": null
        },
        {
          "modelPosition": null,
          "screenPosition": null,
          "deltaImage": null
        },
        {
          "modelPosition": {
            "x": -40.196205,
            "y": 47.126835,
            "z": 32.41936
          },
          "screenPosition": {
            "x": 0.028188359,
            "y": 0.7395677
          },
          "deltaImage": "not-really-an-image.png"
        },
        {
          "modelPosition": null,
          "screenPosition": null,
          "deltaImage": null
        },
        {
          "modelPosition": null,
          "screenPosition": null,
          "deltaImage": null
        },
        {
          "modelPosition": {
            "x": -37.841713,
            "y": 51.901405,
            "z": 35.78546
          },
          "screenPosition": {
            "x": 0.019510474,
            "y": 0.8672639
          },
          "deltaImage": "not-really-an-image.png"
        },
        {
          "modelPosition": {
            "x": -38.14206,
            "y": 51.292282,
            "z": 33.430775
          },
          "screenPosition": {
            "x": 0.055306006,
            "y": 0.8312273
          },
          "deltaImage": "not-really-an-image.png"
        },
        {
          "modelPosition": {
            "x": -38.28427,
            "y": 51.00384,
            "z": 31.594553
          },
          "screenPosition": {
            "x": 0.0848993,
            "y": 0.8071206
          },
          "deltaImage": "not-really-an-image.png"
        },
        {
          "modelPosition": {
            "x": -38.381668,
            "y": 50.806282,
            "z": 29.698965
          },
          "screenPosition": {
            "x": 0.11620541,
            "y": 0.78444874
          },
          "deltaImage": "not-really-an-image.png"
        },
        {
          "modelPosition": {
            "x": -38.537544,
            "y": 50.49012,
            "z": 27.495575
          },
          "screenPosition": {
            "x": 0.15124153,
            "y": 0.75673133
          },
          "deltaImage": "not-really-an-image.png"
        },
        {
          "modelPosition": null,
          "screenPosition": null,
          "deltaImage": null
        },
        {
          "modelPosition": {
            "x": -40.404774,
            "y": 46.703632,
            "z": 24.472992
          },
          "screenPosition": {
            "x": 0.16276184,
            "y": 0.65535134
          },
          "deltaImage": "not-really-an-image.png"
        },
        {
          "modelPosition": {
            "x": -40.390366,
            "y": 46.73297,
            "z": 28.156406
          },
          "screenPosition": {
            "x": 0.09933393,
            "y": 0.6907137
          },
          "deltaImage": "not-really-an-image.png"
        },
        {
          "modelPosition": {
            "x": -38.829548,
            "y": 49.897964,
            "z": 26.853271
          },
          "screenPosition": {
            "x": 0.15599453,
            "y": 0.7390941
          },
          "deltaImage": "not-really-an-image.png"
        },
        {
          "modelPosition": {
            "x": -38.047512,
            "y": 49.22274,
            "z": 24.462305
          },
          "screenPosition": {
            "x": 0.20126508,
            "y": 0.7164649
          },
          "deltaImage": "not-really-an-image.png"
        },
        {
          "modelPosition": null,
          "screenPosition": {
            "x": 0.24818757,
            "y": 0.6952383
          },
          "deltaImage": "not-really-an-image.png"
        },
        {
          "modelPosition": null,
          "screenPosition": null,
          "deltaImage": null
        },
        {
          "modelPosition": {
            "x": -40.716457,
            "y": 46.0714,
            "z": 18.37516
          },
          "screenPosition": {
            "x": 0.25884587,
            "y": 0.5874523
          },
          "deltaImage": "not-really-an-image.png"
        },
        {
          "modelPosition": {
            "x": -41.68502,
            "y": 44.10745,
            "z": 21.640736
          },
          "screenPosition": {
            "x": 0.18340102,
            "y": 0.5801747
          },
          "deltaImage": "not-really-an-image.png"
        },
        {
          "modelPosition": null,
          "screenPosition": null,
          "deltaImage": null
        },
        {
          "modelPosition": null,
          "screenPosition": null,
          "deltaImage": null
        },
        {
          "modelPosition": {
            "x": -39.163826,
            "y": 49.220142,
            "z": 27.683899
          },
          "screenPosition": {
            "x": 0.1342991,
            "y": 0.73406947
          },
          "deltaImage": "not-really-an-image.png"
        },
        {
          "modelPosition": {
            "x": -41.06717,
            "y": 45.36057,
            "z": 28.876553
          },
          "screenPosition": {
            "x": 0.07198373,
            "y": 0.6711597
          },
          "deltaImage": "not-really-an-image.png"
        },
        {
          "modelPosition": {
            "x": -41.148064,
            "y": 45.196465,
            "z": 26.8279
          },
          "screenPosition": {
            "x": 0.10603367,
            "y": 0.6486647
          },
          "deltaImage": "not-really-an-image.png"
        },
        {
          "modelPosition": {
            "x": -41.754498,
            "y": 43.96666,
            "z": 24.613216
          },
          "screenPosition": {
            "x": 0.1312115,
            "y": 0.6046596
          },
          "deltaImage": "not-really-an-image.png"
        },
        {
          "modelPosition": {
            "x": -42.816105,
            "y": 41.813896,
            "z": 23.967136
          },
          "screenPosition": {
            "x": 0.119470455,
            "y": 0.5580255
          },
          "deltaImage": "not-really-an-image.png"
        },
        {
          "modelPosition": null,
          "screenPosition": null,
          "deltaImage": null
        },
        {
          "modelPosition": {
            "x": -44.733036,
            "y": 37.926754,
            "z": 24.986635
          },
          "screenPosition": {
            "x": 0.06077146,
            "y": 0.4938337
          },
          "deltaImage": "not-really-an-image.png"
        },
        {
          "modelPosition": {
            "x": -45.53116,
            "y": 36.30827,
            "z": 23.464693
          },
          "screenPosition": {
            "x": 0.07002442,
            "y": 0.45004672
          },
          "deltaImage": "not-really-an-image.png"
        },
        {
          "modelPosition": {
            "x": -46.222626,
            "y": 34.906067,
            "z": 21.939625
          },
          "screenPosition": {
            "x": 0.081499785,
            "y": 0.41070256
          },
          "deltaImage": "not-really-an-image.png"
        },
        {
          "modelPosition": {
            "x": -46.733025,
            "y": 33.871136,
            "z": 19.716368
          },
          "screenPosition": {
            "x": 0.15743631,
            "y": 0.37375936
          },
          "deltaImage": "not-really-an-image.png"
        },
        {
          "modelPosition": {
            "x": -46.964287,
            "y": 33.402218,
            "z": 17.526936
          },
          "screenPosition": {
            "x": 0.2020817,
            "y": 0.35395476
          },
          "deltaImage": "not-really-an-image.png"
        },
        {
          "modelPosition": null,
          "screenPosition": null,
          "deltaImage": null
        },
        {
          "modelPosition": {
            "x": -46.447533,
            "y": 34.450024,
            "z": 13.335645
          },
          "screenPosition": {
            "x": 0.3044854,
            "y": 0.33785382
          },
          "deltaImage": "not-really-an-image.png"
        },
        {
          "modelPosition": null,
          "screenPosition": null,
          "deltaImage": null
        },
        {
          "modelPosition": {
            "x": -45.699223,
            "y": 35.967354,
            "z": 9.062419
          },
          "screenPosition": {
            "x": 0.30531162,
            "y": 0.32316864
          },
          "deltaImage": "not-really-an-image.png"
        },
        {
          "modelPosition": {
            "x": -45.178978,
            "y": 37.022243,
            "z": 7.1772046
          },
          "screenPosition": {
            "x": 0.3460491,
            "y": 0.32689956
          },
          "deltaImage": "not-really-an-image.png"
        },
        {
          "modelPosition": null,
          "screenPosition": null,
          "deltaImage": null
        },
        {
          "modelPosition": {
            "x": -44.2117,
            "y": 38.983562,
            "z": 3.1993144
          },
          "screenPosition": {
            "x": 0.4281816,
            "y": 0.3299831
          },
          "deltaImage": "not-really-an-image.png"
        },
        {
          "modelPosition": null,
          "screenPosition": null,
          "deltaImage": null
        },
        {
          "modelPosition": {
            "x": -44.131668,
            "y": 39.145844,
            "z": -2.5323293
          },
          "screenPosition": {
            "x": 0.51700866,
            "y": 0.2878308
          },
          "deltaImage": "not-really-an-image.png"
        },
        {
          "modelPosition": {
            "x": -44.89024,
            "y": 37.607704,
            "z": -4.930545
          },
          "screenPosition": {
            "x": 0.5372868,
            "y": 0.24276961
          },
          "deltaImage": "not-really-an-image.png"
        },
        {
          "modelPosition": null,
          "screenPosition": null,
          "deltaImage": null
        },
        {
          "modelPosition": {
            "x": -46.11614,
            "y": 35.121986,
            "z": -8.518376
          },
          "screenPosition": {
            "x": 0.7544556,
            "y": 0.15422447
          },
          "deltaImage": "not-really-an-image.png"
        },
        {
          "modelPosition": {
            "x": -46.515404,
            "y": 34.312405,
            "z": -11.141556
          },
          "screenPosition": {
            "x": 0.7799279,
            "y": 0.09762346
          },
          "deltaImage": "not-really-an-image.png"
        },
        {
          "modelPosition": {
            "x": -46.798885,
            "y": 33.737595,
            "z": -14.074191
          },
          "screenPosition": {
            "x": 0.8403806,
            "y": 0.07080675
          },
          "deltaImage": "not-really-an-image.png"
        },
        {
          "modelPosition": {
            "x": -44.898876,
            "y": 35.329338,
            "z": -14.311112
          },
          "screenPosition": {
            "x": 0.67914957,
            "y": 0.1501445
          },
          "deltaImage": "not-really-an-image.png"
        },
        {
          "modelPosition": {
            "x": -45.32115,
            "y": 36.73396,
            "z": -11.008847
          },
          "screenPosition": {
            "x": 0.6174179,
            "y": 0.18257594
          },
          "deltaImage": "not-really-an-image.png"
        },
        {
          "modelPosition": {
            "x": -46.215237,
            "y": 34.921043,
            "z": -9.613764
          },
          "screenPosition": {
            "x": 0.7799833,
            "y": 0.13963278
          },
          "deltaImage": "not-really-an-image.png"
        },
        {
          "modelPosition": null,
          "screenPosition": null,
          "deltaImage": null
        },
        {
          "modelPosition": {
            "x": -46.132133,
            "y": 32.8287,
            "z": -14.249075
          },
          "screenPosition": {
            "x": 0.8561491,
            "y": 0.0638119
          },
          "deltaImage": "not-really-an-image.png"
        },
        {
          "modelPosition": {
            "x": -46.132133,
            "y": 32.8287,
            "z": -17.102018
          },
          "screenPosition": {
            "x": 0.91443676,
            "y": 0.037955627
          },
          "deltaImage": "not-really-an-image.png"
        }
      ],
      "deltaImage": "20190825-083859/brain-C783C0-0.webp",
      "screenAreaInSqPixels": null,
      "screenAngle": null
    }
  ],
  "cameraMatrix": {
    "elements": [
      0.0860819215169446,
      0.4534359246835511,
      0.8871221815479104,
      0.0,
      -0.5478069206199687,
      -0.7222006695163738,
      0.4222958331205379,
      0.0,
      0.8321643350377486,
      -0.5223237072510445,
      0.18622691624657062,
      0.0,
      32.991444544429925,
      -23.669150886210502,
      40.65729819041783,
      1.0
    ]
  },
  "baseImage": "20190825-083859/base.webp",
  "version": 0,
  "savedAt": 1.566722589561E12,
  "notes": null
}