{
  "startedAt": 1.566713051517E12,
  "surfaces": [
    {
      "brainId": "CAD7F8",
      "panelName": "F1D",
      "pixels": [
        {
          "modelPosition": {
            "x": -39.677597,
            "y": 162.19856,
            "z": -78.693985
          },
          "screenPosition": {
            "x": 0.9447395,
            "y": 0.74145097
          },
          "deltaImage": "not-really-an-image.png"
        },
        {
          "modelPosition": {
            "x": -41.300198,
            "y": 163.35487,
            "z": -77.90018
          },
          "screenPosition": {
            "x": 0.90674615,
            "y": 0.7528091
          },
          "deltaImage": "not-really-an-image.png"
        },
        {
          "modelPosition": {
            "x": -42.277336,
            "y": 164.14268,
            "z": -75.7612
          },
          "screenPosition": {
            "x": 0.86601853,
            "y": 0.7273014
          },
          "deltaImage": "not-really-an-image.png"
        },
        {
          "modelPosition": null,
          "screenPosition": null,
          "deltaImage": null
        },
        {
          "modelPosition": {
            "x": -39.415882,
            "y": 162.34341,
            "z": -72.80538
          },
          "screenPosition": {
            "x": 0.8861635,
            "y": 0.6224506
          },
          "deltaImage": "not-really-an-image.png"
        },
        {
          "modelPosition": {
            "x": -38.199265,
            "y": 161.42224,
            "z": -74.38433
          },
          "screenPosition": {
            "x": 0.9252533,
            "y": 0.6330863
          },
          "deltaImage": "not-really-an-image.png"
        },
        {
          "modelPosition": {
            "x": -37.076054,
            "y": 161.75645,
            "z": -76.37032
          },
          "screenPosition": {
            "x": 0.95626384,
            "y": 0.66165245
          },
          "deltaImage": "not-really-an-image.png"
        },
        {
          "modelPosition": {
            "x": -37.528854,
            "y": 161.92644,
            "z": -78.921265
          },
          "screenPosition": {
            "x": 0.97545326,
            "y": 0.7188168
          },
          "deltaImage": "not-really-an-image.png"
        },
        {
          "modelPosition": null,
          "screenPosition": null,
          "deltaImage": null
        },
        {
          "modelPosition": {
            "x": -41.549152,
            "y": 163.50655,
            "z": -78.24579
          },
          "screenPosition": {
            "x": 0.9059109,
            "y": 0.7636313
          },
          "deltaImage": "not-really-an-image.png"
        },
        {
          "modelPosition": {
            "x": -42.68275,
            "y": 164.37729,
            "z": -76.54893
          },
          "screenPosition": {
            "x": 0.8670726,
            "y": 0.74929535
          },
          "deltaImage": "not-really-an-image.png"
        },
        {
          "modelPosition": {
            "x": -43.336506,
            "y": 164.9803,
            "z": -73.73922
          },
          "screenPosition": {
            "x": 0.82505846,
            "y": 0.705428
          },
          "deltaImage": "not-really-an-image.png"
        },
        {
          "modelPosition": {
            "x": -41.614426,
            "y": 163.95572,
            "z": -70.902695
          },
          "screenPosition": {
            "x": 0.825848,
            "y": 0.6217234
          },
          "deltaImage": "not-really-an-image.png"
        },
        {
          "modelPosition": {
            "x": -38.860302,
            "y": 162.03592,
            "z": -71.47166
          },
          "screenPosition": {
            "x": 0.8819716,
            "y": 0.5872849
          },
          "deltaImage": "not-really-an-image.png"
        },
        {
          "modelPosition": {
            "x": -38.208942,
            "y": 161.44055,
            "z": -74.17231
          },
          "screenPosition": {
            "x": 0.9228192,
            "y": 0.6291158
          },
          "deltaImage": "not-really-an-image.png"
        },
        {
          "modelPosition": {
            "x": -39.344788,
            "y": 162.10149,
            "z": -76.31326
          },
          "screenPosition": {
            "x": 0.9252003,
            "y": 0.6895848
          },
          "deltaImage": "not-really-an-image.png"
        },
        {
          "modelPosition": {
            "x": -40.94922,
            "y": 163.1162,
            "z": -77.864174
          },
          "screenPosition": {
            "x": 0.91270643,
            "y": 0.7462896
          },
          "deltaImage": "not-really-an-image.png"
        },
        {
          "modelPosition": {
            "x": -42.810894,
            "y": 164.4057,
            "z": -77.62846
          },
          "screenPosition": {
            "x": 0.87639505,
            "y": 0.7724857
          },
          "deltaImage": "not-really-an-image.png"
        },
        {
          "modelPosition": null,
          "screenPosition": null,
          "deltaImage": null
        },
        {
          "modelPosition": {
            "x": -46.368237,
            "y": 166.99507,
            "z": -74.90184
          },
          "screenPosition": {
            "x": 0.782501,
            "y": 0.77817804
          },
          "deltaImage": "not-really-an-image.png"
        },
        {
          "modelPosition": {
            "x": -46.41516,
            "y": 167.197,
            "z": -71.81945
          },
          "screenPosition": {
            "x": 0.7485267,
            "y": 0.71892273
          },
          "deltaImage": "not-really-an-image.png"
        },
        {
          "modelPosition": {
            "x": -45.110954,
            "y": 166.43306,
            "z": -69.453224
          },
          "screenPosition": {
            "x": 0.7467823,
            "y": 0.6512837
          },
          "deltaImage": "not-really-an-image.png"
        },
        {
          "modelPosition": {
            "x": -42.608772,
            "y": 164.77824,
            "z": -68.34744
          },
          "screenPosition": {
            "x": 0.78033334,
            "y": 0.58839625
          },
          "deltaImage": "not-really-an-image.png"
        },
        {
          "modelPosition": {
            "x": -40.30368,
            "y": 163.17557,
            "z": -68.749115
          },
          "screenPosition": {
            "x": 0.8264823,
            "y": 0.5581489
          },
          "deltaImage": "not-really-an-image.png"
        },
        {
          "modelPosition": {
            "x": -39.7028,
            "y": 162.56784,
            "z": -72.30265
          },
          "screenPosition": {
            "x": 0.8756029,
            "y": 0.6173934
          },
          "deltaImage": "not-really-an-image.png"
        },
        {
          "modelPosition": {
            "x": -42.36741,
            "y": 164.3154,
            "z": -73.74643
          },
          "screenPosition": {
            "x": 0.8427329,
            "y": 0.6895515
          },
          "deltaImage": "not-really-an-image.png"
        },
        {
          "modelPosition": {
            "x": -44.293026,
            "y": 165.73042,
            "z": -72.02778
          },
          "screenPosition": {
            "x": 0.78929937,
            "y": 0.687906
          },
          "deltaImage": "not-really-an-image.png"
        },
        {
          "modelPosition": {
            "x": -44.85752,
            "y": 166.27242,
            "z": -69.21478
          },
          "screenPosition": {
            "x": 0.74882203,
            "y": 0.6424515
          },
          "deltaImage": "not-really-an-image.png"
        },
        {
          "modelPosition": {
            "x": -44.181805,
            "y": 165.95325,
            "z": -66.59709
          },
          "screenPosition": {
            "x": 0.73296267,
            "y": 0.5803028
          },
          "deltaImage": "not-really-an-image.png"
        },
        {
          "modelPosition": {
            "x": -42.594376,
            "y": 164.96718,
            "z": -64.737595
          },
          "screenPosition": {
            "x": 0.741806,
            "y": 0.5178517
          },
          "deltaImage": "not-really-an-image.png"
        },
        {
          "modelPosition": {
            "x": -39.790222,
            "y": 163.05435,
            "z": -64.55732
          },
          "screenPosition": {
            "x": 0.7907786,
            "y": 0.46804047
          },
          "deltaImage": "not-really-an-image.png"
        },
        {
          "modelPosition": {
            "x": -38.71247,
            "y": 162.18118,
            "z": -66.99351
          },
          "screenPosition": {
            "x": 0.83653533,
            "y": 0.49762756
          },
          "deltaImage": "not-really-an-image.png"
        },
        {
          "modelPosition": {
            "x": -40.142925,
            "y": 163.08379,
            "z": -68.41399
          },
          "screenPosition": {
            "x": 0.8258131,
            "y": 0.54895073
          },
          "deltaImage": "not-really-an-image.png"
        },
        {
          "modelPosition": {
            "x": -42.691612,
            "y": 164.82874,
            "z": -68.46213
          },
          "screenPosition": {
            "x": 0.78006244,
            "y": 0.5919967
          },
          "deltaImage": "not-really-an-image.png"
        },
        {
          "modelPosition": {
            "x": -42.679943,
            "y": 164.69789,
            "z": -70.69272
          },
          "screenPosition": {
            "x": 0.8042438,
            "y": 0.63524467
          },
          "deltaImage": "not-really-an-image.png"
        },
        {
          "modelPosition": {
            "x": -41.893658,
            "y": 164.05772,
            "z": -72.52698
          },
          "screenPosition": {
            "x": 0.83823156,
            "y": 0.6579721
          },
          "deltaImage": "not-really-an-image.png"
        },
        {
          "modelPosition": {
            "x": -41.01906,
            "y": 163.35742,
            "z": -74.353745
          },
          "screenPosition": {
            "x": 0.8737424,
            "y": 0.6790941
          },
          "deltaImage": "not-really-an-image.png"
        },
        {
          "modelPosition": null,
          "screenPosition": null,
          "deltaImage": null
        },
        {
          "modelPosition": {
            "x": -43.467587,
            "y": 164.90514,
            "z": -76.73602
          },
          "screenPosition": {
            "x": 0.85488087,
            "y": 0.76595855
          },
          "deltaImage": "not-really-an-image.png"
        },
        {
          "modelPosition": {
            "x": -44.683136,
            "y": 165.82567,
            "z": -75.15531
          },
          "screenPosition": {
            "x": 0.81582296,
            "y": 0.7552637
          },
          "deltaImage": "not-really-an-image.png"
        },
        {
          "modelPosition": {
            "x": -45.842754,
            "y": 166.74915,
            "z": -72.824905
          },
          "screenPosition": {
            "x": 0.7697247,
            "y": 0.72904384
          },
          "deltaImage": "not-really-an-image.png"
        },
        {
          "modelPosition": null,
          "screenPosition": null,
          "deltaImage": null
        },
        {
          "modelPosition": {
            "x": -44.38822,
            "y": 166.02347,
            "z": -67.89212
          },
          "screenPosition": {
            "x": 0.74313045,
            "y": 0.60893553
          },
          "deltaImage": "not-really-an-image.png"
        },
        {
          "modelPosition": {
            "x": -40.405582,
            "y": 163.2624,
            "z": -68.44084
          },
          "screenPosition": {
            "x": 0.82134414,
            "y": 0.5537984
          },
          "deltaImage": "not-really-an-image.png"
        },
        {
          "modelPosition": null,
          "screenPosition": null,
          "deltaImage": null
        },
        {
          "modelPosition": {
            "x": -44.349293,
            "y": 165.83899,
            "z": -70.757195
          },
          "screenPosition": {
            "x": 0.7746244,
            "y": 0.6640909
          },
          "deltaImage": "not-really-an-image.png"
        },
        {
          "modelPosition": {
            "x": -45.705513,
            "y": 166.81398,
            "z": -69.93915
          },
          "screenPosition": {
            "x": 0.7412097,
            "y": 0.6705707
          },
          "deltaImage": "not-really-an-image.png"
        },
        {
          "modelPosition": {
            "x": -48.504635,
            "y": 168.71167,
            "z": -70.33175
          },
          "screenPosition": {
            "x": 0.69459945,
            "y": 0.72448325
          },
          "deltaImage": "not-really-an-image.png"
        },
        {
          "modelPosition": {
            "x": -49.309914,
            "y": 169.50494,
            "z": -65.95367
          },
          "screenPosition": {
            "x": 0.63293177,
            "y": 0.65252745
          },
          "deltaImage": "not-really-an-image.png"
        },
        {
          "modelPosition": null,
          "screenPosition": null,
          "deltaImage": null
        },
        {
          "modelPosition": {
            "x": -45.560925,
            "y": 167.08386,
            "z": -63.238323
          },
          "screenPosition": {
            "x": 0.6718283,
            "y": 0.5376829
          },
          "deltaImage": "not-really-an-image.png"
        },
        {
          "modelPosition": null,
          "screenPosition": null,
          "deltaImage": null
        },
        {
          "modelPosition": {
            "x": -42.849106,
            "y": 165.45537,
            "z": -59.04478
          },
          "screenPosition": {
            "x": 0.6760076,
            "y": 0.41119167
          },
          "deltaImage": "not-really-an-image.png"
        },
        {
          "modelPosition": {
            "x": -44.602753,
            "y": 166.76443,
            "z": -57.109024
          },
          "screenPosition": {
            "x": 0.6233637,
            "y": 0.40247568
          },
          "deltaImage": "not-really-an-image.png"
        },
        {
          "modelPosition": null,
          "screenPosition": null,
          "deltaImage": null
        },
        {
          "modelPosition": {
            "x": -47.788765,
            "y": 169.09402,
            "z": -54.47626
          },
          "screenPosition": {
            "x": 0.537221,
            "y": 0.40385887
          },
          "deltaImage": "not-really-an-image.png"
        },
        {
          "modelPosition": {
            "x": -49.25861,
            "y": 170.18661,
            "z": -52.937656
          },
          "screenPosition": {
            "x": 0.49399808,
            "y": 0.398187
          },
          "deltaImage": "not-really-an-image.png"
        },
        {
          "modelPosition": {
            "x": -46.773735,
            "y": 168.55475,
            "z": -51.6308
          },
          "screenPosition": {
            "x": 0.52507573,
            "y": 0.3316661
          },
          "deltaImage": "not-really-an-image.png"
        },
        {
          "modelPosition": null,
          "screenPosition": null,
          "deltaImage": null
        },
        {
          "modelPosition": {
            "x": -46.621502,
            "y": 168.25949,
            "z": -55.096428
          },
          "screenPosition": {
            "x": 0.56508034,
            "y": 0.39664468
          },
          "deltaImage": "not-really-an-image.png"
        },
        {
          "modelPosition": {
            "x": -59.958595,
            "y": 177.17264,
            "z": -59.306896
          },
          "screenPosition": {
            "x": 0.36814788,
            "y": 0.69907683
          },
          "deltaImage": "not-really-an-image.png"
        },
        {
          "modelPosition": {
            "x": -60.594814,
            "y": 177.75667,
            "z": -56.623547
          },
          "screenPosition": {
            "x": 0.32776096,
            "y": 0.6573326
          },
          "deltaImage": "not-really-an-image.png"
        },
        {
          "modelPosition": null,
          "screenPosition": null,
          "deltaImage": null
        },
        {
          "modelPosition": {
            "x": -56.56614,
            "y": 175.1215,
            "z": -54.31344
          },
          "screenPosition": {
            "x": 0.37609062,
            "y": 0.5457576
          },
          "deltaImage": "not-really-an-image.png"
        },
        {
          "modelPosition": {
            "x": -55.44394,
            "y": 174.37573,
            "z": -53.88282
          },
          "screenPosition": {
            "x": 0.39184037,
            "y": 0.5188237
          },
          "deltaImage": "not-really-an-image.png"
        },
        {
          "modelPosition": {
            "x": -53.706352,
            "y": 173.20564,
            "z": -53.495205
          },
          "screenPosition": {
            "x": 0.41922662,
            "y": 0.4825564
          },
          "deltaImage": "not-really-an-image.png"
        },
        {
          "modelPosition": {
            "x": -51.400364,
            "y": 171.5909,
            "z": -54.10481
          },
          "screenPosition": {
            "x": 0.46797058,
            "y": 0.45652217
          },
          "deltaImage": "not-really-an-image.png"
        },
        {
          "modelPosition": null,
          "screenPosition": null,
          "deltaImage": null
        },
        {
          "modelPosition": null,
          "screenPosition": null,
          "deltaImage": null
        },
        {
          "modelPosition": {
            "x": -52.09837,
            "y": 171.61145,
            "z": -62.42199
          },
          "screenPosition": {
            "x": 0.5443485,
            "y": 0.6298333
          },
          "deltaImage": "not-really-an-image.png"
        },
        {
          "modelPosition": {
            "x": -47.31518,
            "y": 168.39355,
            "z": -61.298885
          },
          "screenPosition": {
            "x": 0.61913383,
            "y": 0.5289053
          },
          "deltaImage": "not-really-an-image.png"
        },
        {
          "modelPosition": null,
          "screenPosition": null,
          "deltaImage": null
        },
        {
          "modelPosition": {
            "x": -47.4625,
            "y": 168.79074,
            "z": -55.92113
          },
          "screenPosition": {
            "x": 0.55886316,
            "y": 0.4268136
          },
          "deltaImage": "not-really-an-image.png"
        },
        {
          "modelPosition": {
            "x": -49.530483,
            "y": 170.27272,
            "z": -54.758945
          },
          "screenPosition": {
            "x": 0.5086323,
            "y": 0.43815085
          },
          "deltaImage": "not-really-an-image.png"
        },
        {
          "modelPosition": {
            "x": -51.286022,
            "y": 171.47826,
            "z": -54.726387
          },
          "screenPosition": {
            "x": 0.47640505,
            "y": 0.46653178
          },
          "deltaImage": "not-really-an-image.png"
        },
        {
          "modelPosition": {
            "x": -53.220757,
            "y": 172.81148,
            "z": -54.6065
          },
          "screenPosition": {
            "x": 0.44036528,
            "y": 0.49634862
          },
          "deltaImage": "not-really-an-image.png"
        },
        {
          "modelPosition": {
            "x": -55.714096,
            "y": 174.45483,
            "z": -55.8102
          },
          "screenPosition": {
            "x": 0.40764585,
            "y": 0.56082535
          },
          "deltaImage": "not-really-an-image.png"
        },
        {
          "modelPosition": {
            "x": -54.790703,
            "y": 173.64644,
            "z": -58.99212
          },
          "screenPosition": {
            "x": 0.4586046,
            "y": 0.6075331
          },
          "deltaImage": "not-really-an-image.png"
        },
        {
          "modelPosition": {
            "x": -52.58725,
            "y": 172.12462,
            "z": -59.190727
          },
          "screenPosition": {
            "x": 0.5007494,
            "y": 0.57498306
          },
          "deltaImage": "not-really-an-image.png"
        },
        {
          "modelPosition": {
            "x": -50.700268,
            "y": 170.88792,
            "z": -58.152637
          },
          "screenPosition": {
            "x": 0.5238625,
            "y": 0.5235804
          },
          "deltaImage": "not-really-an-image.png"
        },
        {
          "modelPosition": {
            "x": -49.647034,
            "y": 170.16582,
            "z": -58.151104
          },
          "screenPosition": {
            "x": 0.5429668,
            "y": 0.50614095
          },
          "deltaImage": "not-really-an-image.png"
        },
        {
          "modelPosition": {
            "x": -47.811844,
            "y": 169.02832,
            "z": -55.956676
          },
          "screenPosition": {
            "x": 0.55273885,
            "y": 0.43310156
          },
          "deltaImage": "not-really-an-image.png"
        },
        {
          "modelPosition": {
            "x": -47.839222,
            "y": 169.19226,
            "z": -53.32075
          },
          "screenPosition": {
            "x": 0.5238881,
            "y": 0.38218874
          },
          "deltaImage": "not-really-an-image.png"
        },
        {
          "modelPosition": {
            "x": -49.9841,
            "y": 170.71484,
            "z": -52.37868
          },
          "screenPosition": {
            "x": 0.47481796,
            "y": 0.39929137
          },
          "deltaImage": "not-really-an-image.png"
        },
        {
          "modelPosition": {
            "x": -52.584732,
            "y": 172.46028,
            "z": -53.064777
          },
          "screenPosition": {
            "x": 0.4349679,
            "y": 0.4556358
          },
          "deltaImage": "not-really-an-image.png"
        },
        {
          "modelPosition": {
            "x": -53.44268,
            "y": 172.91008,
            "z": -55.57915
          },
          "screenPosition": {
            "x": 0.44640768,
            "y": 0.5187843
          },
          "deltaImage": "not-really-an-image.png"
        },
        {
          "modelPosition": {
            "x": -53.26616,
            "y": 172.67368,
            "z": -57.67396
          },
          "screenPosition": {
            "x": 0.47212312,
            "y": 0.55666417
          },
          "deltaImage": "not-really-an-image.png"
        },
        {
          "modelPosition": {
            "x": -52.533493,
            "y": 172.01816,
            "z": -60.454777
          },
          "screenPosition": {
            "x": 0.5154776,
            "y": 0.5987434
          },
          "deltaImage": "not-really-an-image.png"
        },
        {
          "modelPosition": {
            "x": -50.389584,
            "y": 170.50185,
            "z": -61.294716
          },
          "screenPosition": {
            "x": 0.5632636,
            "y": 0.5796369
          },
          "deltaImage": "not-really-an-image.png"
        },
        {
          "modelPosition": {
            "x": -47.922695,
            "y": 168.80087,
            "z": -61.4667
          },
          "screenPosition": {
            "x": 0.60993403,
            "y": 0.5422335
          },
          "deltaImage": "not-really-an-image.png"
        },
        {
          "modelPosition": null,
          "screenPosition": null,
          "deltaImage": null
        },
        {
          "modelPosition": {
            "x": -46.106243,
            "y": 167.8102,
            "z": -56.839428
          },
          "screenPosition": {
            "x": 0.59331024,
            "y": 0.4222668
          },
          "deltaImage": "not-really-an-image.png"
        },
        {
          "modelPosition": {
            "x": -46.644585,
            "y": 168.30426,
            "z": -54.57098
          },
          "screenPosition": {
            "x": 0.55917674,
            "y": 0.3870005
          },
          "deltaImage": "not-really-an-image.png"
        },
        {
          "modelPosition": {
            "x": -44.04909,
            "y": 166.56816,
            "z": -53.779377
          },
          "screenPosition": {
            "x": 0.597638,
            "y": 0.32847857
          },
          "deltaImage": "not-really-an-image.png"
        },
        {
          "modelPosition": {
            "x": -44.354736,
            "y": 166.61322,
            "z": -56.766785
          },
          "screenPosition": {
            "x": 0.6242488,
            "y": 0.39182186
          },
          "deltaImage": "not-really-an-image.png"
        },
        {
          "modelPosition": {
            "x": -46.828106,
            "y": 168.33022,
            "z": -56.38468
          },
          "screenPosition": {
            "x": 0.575337,
            "y": 0.4253448
          },
          "deltaImage": "not-really-an-image.png"
        },
        {
          "modelPosition": {
            "x": -47.96839,
            "y": 169.00093,
            "z": -58.403046
          },
          "screenPosition": {
            "x": 0.57615507,
            "y": 0.48330358
          },
          "deltaImage": "not-really-an-image.png"
        },
        {
          "modelPosition": {
            "x": -47.977787,
            "y": 168.90828,
            "z": -60.20215
          },
          "screenPosition": {
            "x": 0.5953457,
            "y": 0.51851904
          },
          "deltaImage": "not-really-an-image.png"
        },
        {
          "modelPosition": {
            "x": -49.179726,
            "y": 169.58574,
            "z": -62.86583
          },
          "screenPosition": {
            "x": 0.60211504,
            "y": 0.5902388
          },
          "deltaImage": "not-really-an-image.png"
        },
        {
          "modelPosition": {
            "x": -51.543777,
            "y": 171.08253,
            "z": -65.121025
          },
          "screenPosition": {
            "x": 0.5834217,
            "y": 0.6732321
          },
          "deltaImage": "not-really-an-image.png"
        },
        {
          "modelPosition": {
            "x": -52.79827,
            "y": 172.08743,
            "z": -62.493362
          },
          "screenPosition": {
            "x": 0.53259516,
            "y": 0.6427914
          },
          "deltaImage": "not-really-an-image.png"
        },
        {
          "modelPosition": null,
          "screenPosition": null,
          "deltaImage": null
        },
        {
          "modelPosition": {
            "x": -55.110424,
            "y": 173.93956,
            "z": -57.650326
          },
          "screenPosition": {
            "x": 0.43838066,
            "y": 0.5866853
          },
          "deltaImage": "not-really-an-image.png"
        },
        {
          "modelPosition": null,
          "screenPosition": null,
          "deltaImage": null
        },
        {
          "modelPosition": {
            "x": -56.801495,
            "y": 174.78072,
            "z": -63.431366
          },
          "screenPosition": {
            "x": 0.46979496,
            "y": 0.7272232
          },
          "deltaImage": "not-really-an-image.png"
        },
        {
          "modelPosition": {
            "x": -54.732044,
            "y": 173.4142,
            "z": -62.47872
          },
          "screenPosition": {
            "x": 0.4971705,
            "y": 0.6744625
          },
          "deltaImage": "not-really-an-image.png"
        },
        {
          "modelPosition": {
            "x": -53.249126,
            "y": 172.41154,
            "z": -62.221592
          },
          "screenPosition": {
            "x": 0.52149266,
            "y": 0.6449483
          },
          "deltaImage": "not-really-an-image.png"
        },
        {
          "modelPosition": null,
          "screenPosition": null,
          "deltaImage": null
        },
        {
          "modelPosition": null,
          "screenPosition": null,
          "deltaImage": null
        },
        {
          "modelPosition": {
            "x": -54.106445,
            "y": 172.62654,
            "z": -68.99167
          },
          "screenPosition": {
            "x": 0.578481,
            "y": 0.7909695
          },
          "deltaImage": "not-really-an-image.png"
        },
        {
          "modelPosition": {
            "x": -52.44394,
            "y": 171.38474,
            "z": -70.84101
          },
          "screenPosition": {
            "x": 0.6285414,
            "y": 0.7995089
          },
          "deltaImage": "not-really-an-image.png"
        },
        {
          "modelPosition": null,
          "screenPosition": null,
          "deltaImage": null
        },
        {
          "modelPosition": {
            "x": -49.20188,
            "y": 169.06868,
            "z": -72.53027
          },
          "screenPosition": {
            "x": 0.7055633,
            "y": 0.77882445
          },
          "deltaImage": "not-really-an-image.png"
        },
        {
          "modelPosition": {
            "x": -46.56728,
            "y": 167.27116,
            "z": -72.36699
          },
          "screenPosition": {
            "x": 0.75164956,
            "y": 0.7320825
          },
          "deltaImage": "not-really-an-image.png"
        },
        {
          "modelPosition": {
            "x": -45.936512,
            "y": 167.04129,
            "z": -68.68765
          },
          "screenPosition": {
            "x": 0.72356486,
            "y": 0.65001863
          },
          "deltaImage": "not-really-an-image.png"
        },
        {
          "modelPosition": {
            "x": -48.40241,
            "y": 168.84688,
            "z": -66.603745
          },
          "screenPosition": {
            "x": 0.65639585,
            "y": 0.6501891
          },
          "deltaImage": "not-really-an-image.png"
        },
        {
          "modelPosition": {
            "x": -50.512897,
            "y": 170.29384,
            "z": -66.60707
          },
          "screenPosition": {
            "x": 0.61810905,
            "y": 0.6851354
          },
          "deltaImage": "not-really-an-image.png"
        },
        {
          "modelPosition": {
            "x": -52.726936,
            "y": 171.71765,
            "z": -68.31957
          },
          "screenPosition": {
            "x": 0.5964374,
            "y": 0.754991
          },
          "deltaImage": "not-really-an-image.png"
        },
        {
          "modelPosition": {
            "x": -52.767647,
            "y": 171.56973,
            "z": -71.512184
          },
          "screenPosition": {
            "x": 0.6299418,
            "y": 0.8178407
          },
          "deltaImage": "not-really-an-image.png"
        },
        {
          "modelPosition": null,
          "screenPosition": null,
          "deltaImage": null
        },
        {
          "modelPosition": {
            "x": -53.83329,
            "y": 172.65706,
            "z": -65.03658
          },
          "screenPosition": {
            "x": 0.5409411,
            "y": 0.7094279
          },
          "deltaImage": "not-really-an-image.png"
        },
        {
          "modelPosition": {
            "x": -54.967995,
            "y": 173.53966,
            "z": -63.138397
          },
          "screenPosition": {
            "x": 0.49993977,
            "y": 0.6912139
          },
          "deltaImage": "not-really-an-image.png"
        },
        {
          "modelPosition": {
            "x": -56.696594,
            "y": 174.80272,
            "z": -61.725906
          },
          "screenPosition": {
            "x": 0.45337352,
            "y": 0.6922748
          },
          "deltaImage": "not-really-an-image.png"
        },
        {
          "modelPosition": {
            "x": -56.591984,
            "y": 174.94131,
            "z": -57.90683
          },
          "screenPosition": {
            "x": 0.4142346,
            "y": 0.6161676
          },
          "deltaImage": "not-really-an-image.png"
        },
        {
          "modelPosition": {
            "x": -54.582767,
            "y": 173.69125,
            "z": -55.58953
          },
          "screenPosition": {
            "x": 0.4258174,
            "y": 0.53782946
          },
          "deltaImage": "not-really-an-image.png"
        },
        {
          "modelPosition": {
            "x": -52.123455,
            "y": 172.00127,
            "z": -55.656136
          },
          "screenPosition": {
            "x": 0.47118962,
            "y": 0.49847978
          },
          "deltaImage": "not-really-an-image.png"
        },
        {
          "modelPosition": {
            "x": -50.23485,
            "y": 170.64706,
            "z": -56.731403
          },
          "screenPosition": {
            "x": 0.5170376,
            "y": 0.48820692
          },
          "deltaImage": "not-really-an-image.png"
        },
        {
          "modelPosition": {
            "x": -48.979885,
            "y": 169.75285,
            "z": -57.3433
          },
          "screenPosition": {
            "x": 0.5464006,
            "y": 0.47938213
          },
          "deltaImage": "not-really-an-image.png"
        },
        {
          "modelPosition": {
            "x": -47.370445,
            "y": 168.50108,
            "z": -60.034443
          },
          "screenPosition": {
            "x": 0.604674,
            "y": 0.50531024
          },
          "deltaImage": "not-really-an-image.png"
        },
        {
          "modelPosition": {
            "x": -50.25223,
            "y": 170.34428,
            "z": -62.445557
          },
          "screenPosition": {
            "x": 0.5781242,
            "y": 0.59977984
          },
          "deltaImage": "not-really-an-image.png"
        },
        {
          "modelPosition": {
            "x": -52.22178,
            "y": 171.74203,
            "z": -61.587376
          },
          "screenPosition": {
            "x": 0.5333307,
            "y": 0.61564183
          },
          "deltaImage": "not-really-an-image.png"
        },
        {
          "modelPosition": null,
          "screenPosition": null,
          "deltaImage": null
        },
        {
          "modelPosition": null,
          "screenPosition": null,
          "deltaImage": null
        },
        {
          "modelPosition": null,
          "screenPosition": null,
          "deltaImage": null
        },
        {
          "modelPosition": {
            "x": -52.982758,
            "y": 171.99686,
            "z": -66.43485
          },
          "screenPosition": {
            "x": 0.5715779,
            "y": 0.7225314
          },
          "deltaImage": "not-really-an-image.png"
        },
        {
          "modelPosition": {
            "x": -54.663277,
            "y": 173.04617,
            "z": -68.305046
          },
          "screenPosition": {
            "x": 0.5611821,
            "y": 0.7866621
          },
          "deltaImage": "not-really-an-image.png"
        },
        {
          "modelPosition": {
            "x": -56.83626,
            "y": 174.50052,
            "z": -68.95198
          },
          "screenPosition": {
            "x": 0.5286065,
            "y": 0.8352137
          },
          "deltaImage": "not-really-an-image.png"
        },
        {
          "modelPosition": {
            "x": -58.803463,
            "y": 175.89098,
            "z": -68.1971
          },
          "screenPosition": {
            "x": 0.48469818,
            "y": 0.8530917
          },
          "deltaImage": "not-really-an-image.png"
        },
        {
          "modelPosition": {
            "x": -60.620613,
            "y": 177.21445,
            "z": -66.79034
          },
          "screenPosition": {
            "x": 0.43676078,
            "y": 0.8556168
          },
          "deltaImage": "not-really-an-image.png"
        },
        {
          "modelPosition": {
            "x": -60.460926,
            "y": 177.24603,
            "z": -64.228584
          },
          "screenPosition": {
            "x": 0.41204417,
            "y": 0.8031707
          },
          "deltaImage": "not-really-an-image.png"
        },
        {
          "modelPosition": {
            "x": -58.787895,
            "y": 176.21329,
            "z": -62.150875
          },
          "screenPosition": {
            "x": 0.41996595,
            "y": 0.73511565
          },
          "deltaImage": "not-really-an-image.png"
        },
        {
          "modelPosition": {
            "x": -55.957073,
            "y": 174.2473,
            "z": -62.603638
          },
          "screenPosition": {
            "x": 0.47623357,
            "y": 0.6971465
          },
          "deltaImage": "not-really-an-image.png"
        },
        {
          "modelPosition": {
            "x": -54.835136,
            "y": 173.27412,
            "z": -66.30569
          },
          "screenPosition": {
            "x": 0.536447,
            "y": 0.7506733
          },
          "deltaImage": "not-really-an-image.png"
        },
        {
          "modelPosition": {
            "x": -56.512085,
            "y": 174.31516,
            "z": -68.28156
          },
          "screenPosition": {
            "x": 0.5271685,
            "y": 0.81689966
          },
          "deltaImage": "not-really-an-image.png"
        },
        {
          "modelPosition": {
            "x": -58.6586,
            "y": 175.83339,
            "z": -67.43908
          },
          "screenPosition": {
            "x": 0.47913882,
            "y": 0.83596873
          },
          "deltaImage": "not-really-an-image.png"
        },
        {
          "modelPosition": {
            "x": -60.4196,
            "y": 177.04266,
            "z": -67.40663
          },
          "screenPosition": {
            "x": 0.4473691,
            "y": 0.86404806
          },
          "deltaImage": "not-really-an-image.png"
        },
        {
          "modelPosition": {
            "x": -62.402695,
            "y": 178.46727,
            "z": -66.22952
          },
          "screenPosition": {
            "x": 0.3988982,
            "y": 0.8738172
          },
          "deltaImage": "not-really-an-image.png"
        },
        {
          "modelPosition": {
            "x": -63.275772,
            "y": 179.17783,
            "z": -64.19773
          },
          "screenPosition": {
            "x": 0.36046925,
            "y": 0.8491533
          },
          "deltaImage": "not-really-an-image.png"
        },
        {
          "modelPosition": {
            "x": -63.048252,
            "y": 179.19226,
            "z": -61.102863
          },
          "screenPosition": {
            "x": 0.3322499,
            "y": 0.78481805
          },
          "deltaImage": "not-really-an-image.png"
        },
        {
          "modelPosition": {
            "x": -60.120617,
            "y": 177.26535,
            "z": -59.640705
          },
          "screenPosition": {
            "x": 0.36880305,
            "y": 0.70825404
          },
          "deltaImage": "not-really-an-image.png"
        },
        {
          "modelPosition": {
            "x": -57.580265,
            "y": 175.41534,
            "z": -61.604225
          },
          "screenPosition": {
            "x": 0.43629414,
            "y": 0.7044579
          },
          "deltaImage": "not-really-an-image.png"
        },
        {
          "modelPosition": {
            "x": -58.049175,
            "y": 175.54166,
            "z": -65.14874
          },
          "screenPosition": {
            "x": 0.4655937,
            "y": 0.781291
          },
          "deltaImage": "not-really-an-image.png"
        },
        {
          "modelPosition": {
            "x": -59.63535,
            "y": 176.51518,
            "z": -67.22039
          },
          "screenPosition": {
            "x": 0.45905292,
            "y": 0.84785306
          },
          "deltaImage": "not-really-an-image.png"
        },
        {
          "modelPosition": {
            "x": -61.855743,
            "y": 178.0661,
            "z": -66.70421
          },
          "screenPosition": {
            "x": 0.41333902,
            "y": 0.87439716
          },
          "deltaImage": "not-really-an-image.png"
        },
        {
          "modelPosition": {
            "x": -63.846638,
            "y": 179.50766,
            "z": -65.316185
          },
          "screenPosition": {
            "x": 0.3624528,
            "y": 0.88017285
          },
          "deltaImage": "not-really-an-image.png"
        },
        {
          "modelPosition": {
            "x": -64.527,
            "y": 180.06377,
            "z": -63.689457
          },
          "screenPosition": {
            "x": 0.33260262,
            "y": 0.8597742
          },
          "deltaImage": "not-really-an-image.png"
        },
        {
          "modelPosition": null,
          "screenPosition": null,
          "deltaImage": null
        },
        {
          "modelPosition": null,
          "screenPosition": null,
          "deltaImage": null
        },
        {
          "modelPosition": {
            "x": -62.051075,
            "y": 178.70631,
            "z": -57.51128
          },
          "screenPosition": {
            "x": 0.31126848,
            "y": 0.6986392
          },
          "deltaImage": "not-really-an-image.png"
        },
        {
          "modelPosition": {
            "x": -62.422977,
            "y": 178.74954,
            "z": -61.356705
          },
          "screenPosition": {
            "x": 0.34551075,
            "y": 0.7797002
          },
          "deltaImage": "not-really-an-image.png"
        },
        {
          "modelPosition": {
            "x": -63.13448,
            "y": 179.12843,
            "z": -63.335533
          },
          "screenPosition": {
            "x": 0.35385212,
            "y": 0.8299884
          },
          "deltaImage": "not-really-an-image.png"
        },
        {
          "modelPosition": {
            "x": -63.504707,
            "y": 179.2868,
            "z": -65.069214
          },
          "screenPosition": {
            "x": 0.36574957,
            "y": 0.86986756
          },
          "deltaImage": "not-really-an-image.png"
        },
        {
          "modelPosition": null,
          "screenPosition": null,
          "deltaImage": null
        },
        {
          "modelPosition": {
            "x": -67.62102,
            "y": 182.20876,
            "z": -63.263245
          },
          "screenPosition": {
            "x": 0.27152607,
            "y": 0.9027706
          },
          "deltaImage": "not-really-an-image.png"
        },
        {
          "modelPosition": {
            "x": -68.72107,
            "y": 183.02687,
            "z": -62.104374
          },
          "screenPosition": {
            "x": 0.3992536,
            "y": 0.82330835
          },
          "deltaImage": "not-really-an-image.png"
        },
        {
          "modelPosition": {
            "x": -69.47665,
            "y": 183.74466,
            "z": -58.47832
          },
          "screenPosition": {
            "x": 0.37099373,
            "y": 0.77694535
          },
          "deltaImage": "not-really-an-image.png"
        },
        {
          "modelPosition": {
            "x": -68.38451,
            "y": 183.06593,
            "z": -57.2047
          },
          "screenPosition": {
            "x": 0.35931283,
            "y": 0.75778174
          },
          "deltaImage": "not-really-an-image.png"
        },
        {
          "modelPosition": {
            "x": -65.16581,
            "y": 180.90022,
            "z": -56.45476
          },
          "screenPosition": {
            "x": 0.24294649,
            "y": 0.7295935
          },
          "deltaImage": "not-really-an-image.png"
        },
        {
          "modelPosition": {
            "x": -64.91115,
            "y": 180.49414,
            "z": -60.65765
          },
          "screenPosition": {
            "x": 0.2927605,
            "y": 0.8072281
          },
          "deltaImage": "not-really-an-image.png"
        },
        {
          "modelPosition": {
            "x": -67.53661,
            "y": 182.27966,
            "z": -60.925095
          },
          "screenPosition": {
            "x": 0.2479337,
            "y": 0.85583913
          },
          "deltaImage": "not-really-an-image.png"
        },
        {
          "modelPosition": {
            "x": -69.44405,
            "y": 183.6759,
            "z": -59.32086
          },
          "screenPosition": {
            "x": 0.3777818,
            "y": 0.7880819
          },
          "deltaImage": "not-really-an-image.png"
        },
        {
          "modelPosition": {
            "x": -70.54269,
            "y": 184.49294,
            "z": -58.163986
          },
          "screenPosition": {
            "x": 0.36795264,
            "y": 0.7801332
          },
          "deltaImage": "not-really-an-image.png"
        },
        {
          "modelPosition": {
            "x": -73.059975,
            "y": 186.17578,
            "z": -58.94872
          },
          "screenPosition": {
            "x": 0.43059975,
            "y": 0.7821588
          },
          "deltaImage": "not-really-an-image.png"
        },
        {
          "modelPosition": {
            "x": -72.080605,
            "y": 185.35825,
            "z": -61.59968
          },
          "screenPosition": {
            "x": 0.44440606,
            "y": 0.808887
          },
          "deltaImage": "not-really-an-image.png"
        },
        {
          "modelPosition": null,
          "screenPosition": null,
          "deltaImage": null
        },
        {
          "modelPosition": null,
          "screenPosition": null,
          "deltaImage": null
        },
        {
          "modelPosition": {
            "x": -68.06999,
            "y": 182.65405,
            "z": -60.76777
          },
          "screenPosition": {
            "x": 0.3687729,
            "y": 0.8114279
          },
          "deltaImage": "not-really-an-image.png"
        },
        {
          "modelPosition": {
            "x": -69.48072,
            "y": 183.75325,
            "z": -58.373028
          },
          "screenPosition": {
            "x": 0.3701414,
            "y": 0.775547
          },
          "deltaImage": "not-really-an-image.png"
        },
        {
          "modelPosition": {
            "x": -70.916855,
            "y": 184.78232,
            "z": -57.567966
          },
          "screenPosition": {
            "x": 0.37085652,
            "y": 0.77270615
          },
          "deltaImage": "not-really-an-image.png"
        },
        {
          "modelPosition": null,
          "screenPosition": null,
          "deltaImage": null
        },
        {
          "modelPosition": null,
          "screenPosition": null,
          "deltaImage": null
        },
        {
          "modelPosition": null,
          "screenPosition": null,
          "deltaImage": null
        },
        {
          "modelPosition": {
            "x": -59.53614,
            "y": 177.14136,
            "z": -54.61538
          },
          "screenPosition": {
            "x": 0.3256299,
            "y": 0.60074717
          },
          "deltaImage": "not-really-an-image.png"
        },
        {
          "modelPosition": {
            "x": -58.339767,
            "y": 176.24632,
            "z": -55.971684
          },
          "screenPosition": {
            "x": 0.36170372,
            "y": 0.60736656
          },
          "deltaImage": "not-really-an-image.png"
        },
        {
          "modelPosition": {
            "x": -57.907627,
            "y": 175.84187,
            "z": -57.935055
          },
          "screenPosition": {
            "x": 0.39064834,
            "y": 0.6384618
          },
          "deltaImage": "not-really-an-image.png"
        },
        {
          "modelPosition": null,
          "screenPosition": null,
          "deltaImage": null
        },
        {
          "modelPosition": {
            "x": -58.622322,
            "y": 175.99565,
            "z": -64.041016
          },
          "screenPosition": {
            "x": 0.44328323,
            "y": 0.7691904
          },
          "deltaImage": "not-really-an-image.png"
        },
        {
          "modelPosition": {
            "x": -60.584538,
            "y": 177.26003,
            "z": -65.51355
          },
          "screenPosition": {
            "x": 0.42347637,
            "y": 0.8302996
          },
          "deltaImage": "not-really-an-image.png"
        },
        {
          "modelPosition": {
            "x": -62.69098,
            "y": 178.69838,
            "z": -65.622475
          },
          "screenPosition": {
            "x": 0.38678393,
            "y": 0.8670031
          },
          "deltaImage": "not-really-an-image.png"
        },
        {
          "modelPosition": {
            "x": -64.264305,
            "y": 179.88512,
            "z": -63.662666
          },
          "screenPosition": {
            "x": 0.33676973,
            "y": 0.8550708
          },
          "deltaImage": "not-really-an-image.png"
        },
        {
          "modelPosition": {
            "x": -65.06526,
            "y": 180.56981,
            "z": -61.202522
          },
          "screenPosition": {
            "x": 0.2957901,
            "y": 0.82039636
          },
          "deltaImage": "not-really-an-image.png"
        },
        {
          "modelPosition": {
            "x": -63.07071,
            "y": 179.35901,
            "z": -58.3549
          },
          "screenPosition": {
            "x": 0.30140787,
            "y": 0.73197234
          },
          "deltaImage": "not-really-an-image.png"
        },
        {
          "modelPosition": {
            "x": -60.709686,
            "y": 177.75333,
            "z": -58.11458
          },
          "screenPosition": {
            "x": 0.3416972,
            "y": 0.68826973
          },
          "deltaImage": "not-really-an-image.png"
        },
        {
          "modelPosition": {
            "x": -58.778385,
            "y": 176.31175,
            "z": -60.244534
          },
          "screenPosition": {
            "x": 0.39993656,
            "y": 0.69778854
          },
          "deltaImage": "not-really-an-image.png"
        },
        {
          "modelPosition": {
            "x": -58.560818,
            "y": 175.98885,
            "z": -63.398884
          },
          "screenPosition": {
            "x": 0.43759674,
            "y": 0.7556342
          },
          "deltaImage": "not-really-an-image.png"
        },
        {
          "modelPosition": {
            "x": -60.514133,
            "y": 177.2355,
            "z": -65.08217
          },
          "screenPosition": {
            "x": 0.42013687,
            "y": 0.8207253
          },
          "deltaImage": "not-really-an-image.png"
        },
        {
          "modelPosition": {
            "x": -62.400097,
            "y": 178.5823,
            "z": -64.108406
          },
          "screenPosition": {
            "x": 0.37561038,
            "y": 0.83284163
          },
          "deltaImage": "not-really-an-image.png"
        },
        {
          "modelPosition": {
            "x": -62.414486,
            "y": 178.7321,
            "z": -61.567566
          },
          "screenPosition": {
            "x": 0.3478458,
            "y": 0.78369457
          },
          "deltaImage": "not-really-an-image.png"
        },
        {
          "modelPosition": {
            "x": -60.549374,
            "y": 177.54529,
            "z": -59.895943
          },
          "screenPosition": {
            "x": 0.36406475,
            "y": 0.72025144
          },
          "deltaImage": "not-really-an-image.png"
        },
        {
          "modelPosition": {
            "x": -58.590435,
            "y": 176.16646,
            "z": -60.54283
          },
          "screenPosition": {
            "x": 0.40630305,
            "y": 0.70052963
          },
          "deltaImage": "not-really-an-image.png"
        },
        {
          "modelPosition": {
            "x": -57.18659,
            "y": 175.0893,
            "z": -62.623085
          },
          "screenPosition": {
            "x": 0.45452294,
            "y": 0.7177467
          },
          "deltaImage": "not-really-an-image.png"
        },
        {
          "modelPosition": {
            "x": -56.565018,
            "y": 174.53818,
            "z": -64.891235
          },
          "screenPosition": {
            "x": 0.48995957,
            "y": 0.7516722
          },
          "deltaImage": "not-really-an-image.png"
        },
        {
          "modelPosition": null,
          "screenPosition": null,
          "deltaImage": null
        },
        {
          "modelPosition": {
            "x": -57.804665,
            "y": 175.16493,
            "z": -68.94472
          },
          "screenPosition": {
            "x": 0.5108238,
            "y": 0.8511783
          },
          "deltaImage": "not-really-an-image.png"
        },
        {
          "modelPosition": {
            "x": -60.051888,
            "y": 176.76921,
            "z": -67.793724
          },
          "screenPosition": {
            "x": 0.45789635,
            "y": 0.8657213
          },
          "deltaImage": "not-really-an-image.png"
        },
        {
          "modelPosition": {
            "x": -61.680515,
            "y": 177.94693,
            "z": -66.68632
          },
          "screenPosition": {
            "x": 0.41617757,
            "y": 0.8712537
          },
          "deltaImage": "not-really-an-image.png"
        },
        {
          "modelPosition": {
            "x": -62.370354,
            "y": 178.52121,
            "z": -64.847435
          },
          "screenPosition": {
            "x": 0.3838915,
            "y": 0.8468421
          },
          "deltaImage": "not-really-an-image.png"
        },
        {
          "modelPosition": {
            "x": -63.072315,
            "y": 179.12115,
            "z": -62.69357
          },
          "screenPosition": {
            "x": 0.34812686,
            "y": 0.816443
          },
          "deltaImage": "not-really-an-image.png"
        },
        {
          "modelPosition": {
            "x": -62.907104,
            "y": 179.1429,
            "z": -60.241886
          },
          "screenPosition": {
            "x": 0.324857,
            "y": 0.76596117
          },
          "deltaImage": "not-really-an-image.png"
        },
        {
          "modelPosition": {
            "x": -61.942375,
            "y": 178.60329,
            "z": -58.028645
          },
          "screenPosition": {
            "x": 0.31839043,
            "y": 0.7069696
          },
          "deltaImage": "not-really-an-image.png"
        },
        {
          "modelPosition": {
            "x": -61.149166,
            "y": 178.1744,
            "z": -55.94063
          },
          "screenPosition": {
            "x": 0.31138584,
            "y": 0.65317166
          },
          "deltaImage": "not-really-an-image.png"
        },
        {
          "modelPosition": {
            "x": -59.44016,
            "y": 177.06445,
            "z": -54.8167
          },
          "screenPosition": {
            "x": 0.3293117,
            "y": 0.60305965
          },
          "deltaImage": "not-really-an-image.png"
        },
        {
          "modelPosition": {
            "x": -57.44396,
            "y": 175.7243,
            "z": -54.297157
          },
          "screenPosition": {
            "x": 0.3599761,
            "y": 0.5599488
          },
          "deltaImage": "not-really-an-image.png"
        },
        {
          "modelPosition": {
            "x": -54.775177,
            "y": 173.84537,
            "z": -55.18679
          },
          "screenPosition": {
            "x": 0.41830003,
            "y": 0.5332642
          },
          "deltaImage": "not-really-an-image.png"
        },
        {
          "modelPosition": null,
          "screenPosition": null,
          "deltaImage": null
        },
        {
          "modelPosition": {
            "x": -55.287964,
            "y": 173.83308,
            "z": -61.79408
          },
          "screenPosition": {
            "x": 0.4800946,
            "y": 0.6702811
          },
          "deltaImage": "not-really-an-image.png"
        },
        {
          "modelPosition": {
            "x": -58.74806,
            "y": 176.25034,
            "z": -60.982227
          },
          "screenPosition": {
            "x": 0.4081314,
            "y": 0.7116973
          },
          "deltaImage": "not-really-an-image.png"
        },
        {
          "modelPosition": {
            "x": -58.720425,
            "y": 176.42957,
            "z": -57.383682
          },
          "screenPosition": {
            "x": 0.36996454,
            "y": 0.64115727
          },
          "deltaImage": "not-really-an-image.png"
        },
        {
          "modelPosition": {
            "x": -56.959175,
            "y": 175.33066,
            "z": -55.408905
          },
          "screenPosition": {
            "x": 0.38072535,
            "y": 0.57358825
          },
          "deltaImage": "not-really-an-image.png"
        },
        {
          "modelPosition": {
            "x": -54.840427,
            "y": 173.86067,
            "z": -55.721333
          },
          "screenPosition": {
            "x": 0.42262772,
            "y": 0.5446762
          },
          "deltaImage": "not-really-an-image.png"
        },
        {
          "modelPosition": null,
          "screenPosition": null,
          "deltaImage": null
        },
        {
          "modelPosition": {
            "x": -51.123707,
            "y": 171.15843,
            "z": -58.512928
          },
          "screenPosition": {
            "x": 0.5200465,
            "y": 0.537596
          },
          "deltaImage": "not-really-an-image.png"
        },
        {
          "modelPosition": {
            "x": -49.88759,
            "y": 170.1896,
            "z": -60.71428
          },
          "screenPosition": {
            "x": 0.5661638,
            "y": 0.5600453
          },
          "deltaImage": "not-really-an-image.png"
        },
        {
          "modelPosition": {
            "x": -49.954567,
            "y": 169.98425,
            "z": -65.276955
          },
          "screenPosition": {
            "x": 0.6139543,
            "y": 0.65000284
          },
          "deltaImage": "not-really-an-image.png"
        },
        {
          "modelPosition": {
            "x": -52.35631,
            "y": 171.55331,
            "z": -66.68923
          },
          "screenPosition": {
            "x": 0.58551896,
            "y": 0.7172029
          },
          "deltaImage": "not-really-an-image.png"
        },
        {
          "modelPosition": {
            "x": -54.734257,
            "y": 173.18799,
            "z": -66.61372
          },
          "screenPosition": {
            "x": 0.541766,
            "y": 0.75491196
          },
          "deltaImage": "not-really-an-image.png"
        },
        {
          "modelPosition": {
            "x": -56.36355,
            "y": 174.36612,
            "z": -65.506966
          },
          "screenPosition": {
            "x": 0.5000509,
            "y": 0.76040816
          },
          "deltaImage": "not-really-an-image.png"
        },
        {
          "modelPosition": {
            "x": -57.221554,
            "y": 175.15973,
            "z": -61.77942
          },
          "screenPosition": {
            "x": 0.44471627,
            "y": 0.7019372
          },
          "deltaImage": "not-really-an-image.png"
        },
        {
          "modelPosition": {
            "x": -54.623547,
            "y": 173.42787,
            "z": -60.879436
          },
          "screenPosition": {
            "x": 0.48192036,
            "y": 0.6415267
          },
          "deltaImage": "not-really-an-image.png"
        },
        {
          "modelPosition": {
            "x": -52.291298,
            "y": 171.76599,
            "z": -62.01802
          },
          "screenPosition": {
            "x": 0.5366273,
            "y": 0.62516445
          },
          "deltaImage": "not-really-an-image.png"
        },
        {
          "modelPosition": {
            "x": -50.442135,
            "y": 170.38007,
            "z": -64.160355
          },
          "screenPosition": {
            "x": 0.5931257,
            "y": 0.636316
          },
          "deltaImage": "not-really-an-image.png"
        },
        {
          "modelPosition": {
            "x": -48.844135,
            "y": 169.26413,
            "z": -64.52734
          },
          "screenPosition": {
            "x": 0.6260627,
            "y": 0.617051
          },
          "deltaImage": "not-really-an-image.png"
        },
        {
          "modelPosition": {
            "x": -49.444847,
            "y": 169.433,
            "z": -68.94009
          },
          "screenPosition": {
            "x": 0.6625726,
            "y": 0.7129196
          },
          "deltaImage": "not-really-an-image.png"
        },
        {
          "modelPosition": {
            "x": -52.10471,
            "y": 171.2828,
            "z": -68.4684
          },
          "screenPosition": {
            "x": 0.60920584,
            "y": 0.7476946
          },
          "deltaImage": "not-really-an-image.png"
        },
        {
          "modelPosition": {
            "x": -53.508183,
            "y": 172.35419,
            "z": -66.48851
          },
          "screenPosition": {
            "x": 0.562583,
            "y": 0.7322694
          },
          "deltaImage": "not-really-an-image.png"
        },
        {
          "modelPosition": {
            "x": -53.296432,
            "y": 172.3912,
            "z": -63.179806
          },
          "screenPosition": {
            "x": 0.5307823,
            "y": 0.6643891
          },
          "deltaImage": "not-really-an-image.png"
        },
        {
          "modelPosition": {
            "x": -51.92137,
            "y": 171.60187,
            "z": -60.3924
          },
          "screenPosition": {
            "x": 0.5258631,
            "y": 0.587407
          },
          "deltaImage": "not-really-an-image.png"
        },
        {
          "modelPosition": {
            "x": -48.842903,
            "y": 169.48497,
            "z": -60.501965
          },
          "screenPosition": {
            "x": 0.58282983,
            "y": 0.53863466
          },
          "deltaImage": "not-really-an-image.png"
        },
        {
          "modelPosition": null,
          "screenPosition": null,
          "deltaImage": null
        },
        {
          "modelPosition": {
            "x": -50.350086,
            "y": 170.31161,
            "z": -64.25697
          },
          "screenPosition": {
            "x": 0.59581214,
            "y": 0.6366753
          },
          "deltaImage": "not-really-an-image.png"
        },
        {
          "modelPosition": {
            "x": -49.675755,
            "y": 169.54906,
            "z": -69.70749
          },
          "screenPosition": {
            "x": 0.6666424,
            "y": 0.7316657
          },
          "deltaImage": "not-really-an-image.png"
        },
        {
          "modelPosition": {
            "x": -52.243954,
            "y": 171.33069,
            "z": -69.3325
          },
          "screenPosition": {
            "x": 0.61597955,
            "y": 0.7668101
          },
          "deltaImage": "not-really-an-image.png"
        },
        {
          "modelPosition": {
            "x": -54.10341,
            "y": 172.7356,
            "z": -66.97381
          },
          "screenPosition": {
            "x": 0.5569975,
            "y": 0.751543
          },
          "deltaImage": "not-really-an-image.png"
        },
        {
          "modelPosition": {
            "x": -53.956448,
            "y": 172.78754,
            "z": -64.20096
          },
          "screenPosition": {
            "x": 0.5298771,
            "y": 0.6951548
          },
          "deltaImage": "not-really-an-image.png"
        },
        {
          "modelPosition": {
            "x": -51.567097,
            "y": 171.3551,
            "z": -60.462116
          },
          "screenPosition": {
            "x": 0.5329354,
            "y": 0.5828832
          },
          "deltaImage": "not-really-an-image.png"
        },
        {
          "modelPosition": {
            "x": -48.608566,
            "y": 169.24982,
            "z": -61.854298
          },
          "screenPosition": {
            "x": 0.60163724,
            "y": 0.5611096
          },
          "deltaImage": "not-really-an-image.png"
        },
        {
          "modelPosition": {
            "x": -47.333607,
            "y": 168.4294,
            "z": -60.877323
          },
          "screenPosition": {
            "x": 0.61432546,
            "y": 0.5210472
          },
          "deltaImage": "not-really-an-image.png"
        },
        {
          "modelPosition": null,
          "screenPosition": null,
          "deltaImage": null
        },
        {
          "modelPosition": {
            "x": -41.43413,
            "y": 164.36488,
            "z": -61.228577
          },
          "screenPosition": {
            "x": 0.72516716,
            "y": 0.43033585
          },
          "deltaImage": "not-really-an-image.png"
        },
        {
          "modelPosition": {
            "x": -44.413055,
            "y": 166.18063,
            "z": -65.34752
          },
          "screenPosition": {
            "x": 0.7153367,
            "y": 0.55978984
          },
          "deltaImage": "not-really-an-image.png"
        },
        {
          "modelPosition": {
            "x": -45.41856,
            "y": 167.0279,
            "z": -62.482166
          },
          "screenPosition": {
            "x": 0.666337,
            "y": 0.5206684
          },
          "deltaImage": "not-really-an-image.png"
        },
        {
          "modelPosition": {
            "x": -44.453293,
            "y": 166.47641,
            "z": -60.477867
          },
          "screenPosition": {
            "x": 0.662278,
            "y": 0.46561515
          },
          "deltaImage": "not-really-an-image.png"
        },
        {
          "modelPosition": {
            "x": -42.87737,
            "y": 165.50954,
            "z": -58.41316
          },
          "screenPosition": {
            "x": 0.66877115,
            "y": 0.3995308
          },
          "deltaImage": "not-really-an-image.png"
        },
        {
          "modelPosition": {
            "x": -41.172947,
            "y": 164.4028,
            "z": -57.28818
          },
          "screenPosition": {
            "x": 0.687637,
            "y": 0.34956437
          },
          "deltaImage": "not-really-an-image.png"
        },
        {
          "modelPosition": {
            "x": -38.630875,
            "y": 162.66235,
            "z": -57.240677
          },
          "screenPosition": {
            "x": 0.7332166,
            "y": 0.30633825
          },
          "deltaImage": "not-really-an-image.png"
        },
        {
          "modelPosition": {
            "x": -36.913647,
            "y": 161.42465,
            "z": -58.334282
          },
          "screenPosition": {
            "x": 0.77614766,
            "y": 0.29929554
          },
          "deltaImage": "not-really-an-image.png"
        },
        {
          "modelPosition": {
            "x": -37.22437,
            "y": 161.48445,
            "z": -61.116875
          },
          "screenPosition": {
            "x": 0.80040836,
            "y": 0.3585827
          },
          "deltaImage": "not-really-an-image.png"
        },
        {
          "modelPosition": {
            "x": -38.62347,
            "y": 162.33093,
            "z": -63.166187
          },
          "screenPosition": {
            "x": 0.797009,
            "y": 0.42170686
          },
          "deltaImage": "not-really-an-image.png"
        },
        {
          "modelPosition": {
            "x": -40.057426,
            "y": 163.2419,
            "z": -64.47857
          },
          "screenPosition": {
            "x": 0.7850888,
            "y": 0.47087714
          },
          "deltaImage": "not-really-an-image.png"
        },
        {
          "modelPosition": {
            "x": -42.055244,
            "y": 164.58302,
            "z": -65.00069
          },
          "screenPosition": {
            "x": 0.7544234,
            "y": 0.51408464
          },
          "deltaImage": "not-really-an-image.png"
        },
        {
          "modelPosition": {
            "x": -43.620792,
            "y": 165.636,
            "z": -65.37269
          },
          "screenPosition": {
            "x": 0.72999495,
            "y": 0.54719263
          },
          "deltaImage": "not-really-an-image.png"
        },
        {
          "modelPosition": {
            "x": -45.905445,
            "y": 167.20139,
            "z": -65.393845
          },
          "screenPosition": {
            "x": 0.688735,
            "y": 0.5853568
          },
          "deltaImage": "not-really-an-image.png"
        },
        {
          "modelPosition": {
            "x": -45.95723,
            "y": 167.41173,
            "z": -62.21934
          },
          "screenPosition": {
            "x": 0.6537175,
            "y": 0.52442735
          },
          "deltaImage": "not-really-an-image.png"
        },
        {
          "modelPosition": {
            "x": -43.394985,
            "y": 165.74503,
            "z": -60.581657
          },
          "screenPosition": {
            "x": 0.6826102,
            "y": 0.4501451
          },
          "deltaImage": "not-really-an-image.png"
        },
        {
          "modelPosition": {
            "x": -41.809612,
            "y": 164.5444,
            "z": -62.643665
          },
          "screenPosition": {
            "x": 0.73355526,
            "y": 0.46410114
          },
          "deltaImage": "not-really-an-image.png"
        },
        {
          "modelPosition": {
            "x": -41.948795,
            "y": 164.48726,
            "z": -65.41408
          },
          "screenPosition": {
            "x": 0.76079774,
            "y": 0.52035654
          },
          "deltaImage": "not-really-an-image.png"
        },
        {
          "modelPosition": {
            "x": -43.36108,
            "y": 165.35419,
            "z": -67.256256
          },
          "screenPosition": {
            "x": 0.7549486,
            "y": 0.57957554
          },
          "deltaImage": "not-really-an-image.png"
        },
        {
          "modelPosition": {
            "x": -45.720295,
            "y": 166.95274,
            "z": -67.60352
          },
          "screenPosition": {
            "x": 0.71584135,
            "y": 0.6253311
          },
          "deltaImage": "not-really-an-image.png"
        },
        {
          "modelPosition": {
            "x": -47.26889,
            "y": 168.08186,
            "z": -66.381836
          },
          "screenPosition": {
            "x": 0.6745939,
            "y": 0.62713295
          },
          "deltaImage": "not-really-an-image.png"
        },
        {
          "modelPosition": {
            "x": -48.125404,
            "y": 168.8629,
            "z": -62.864223
          },
          "screenPosition": {
            "x": 0.6212423,
            "y": 0.57278204
          },
          "deltaImage": "not-really-an-image.png"
        },
        {
          "modelPosition": {
            "x": -47.572876,
            "y": 168.6737,
            "z": -59.420303
          },
          "screenPosition": {
            "x": 0.5943906,
            "y": 0.4966874
          },
          "deltaImage": "not-really-an-image.png"
        },
        {
          "modelPosition": null,
          "screenPosition": null,
          "deltaImage": null
        },
        {
          "modelPosition": {
            "x": -42.605846,
            "y": 165.31323,
            "z": -58.596977
          },
          "screenPosition": {
            "x": 0.6756592,
            "y": 0.39858654
          },
          "deltaImage": "not-really-an-image.png"
        },
        {
          "modelPosition": {
            "x": -41.365715,
            "y": 164.34167,
            "z": -60.798153
          },
          "screenPosition": {
            "x": 0.7217995,
            "y": 0.42091388
          },
          "deltaImage": "not-really-an-image.png"
        },
        {
          "modelPosition": {
            "x": -40.920918,
            "y": 163.92253,
            "z": -62.87083
          },
          "screenPosition": {
            "x": 0.7521333,
            "y": 0.45383722
          },
          "deltaImage": "not-really-an-image.png"
        },
        {
          "modelPosition": null,
          "screenPosition": null,
          "deltaImage": null
        },
        {
          "modelPosition": {
            "x": -40.45337,
            "y": 163.3534,
            "z": -67.38376
          },
          "screenPosition": {
            "x": 0.8091174,
            "y": 0.53400093
          },
          "deltaImage": "not-really-an-image.png"
        },
        {
          "modelPosition": {
            "x": -40.79565,
            "y": 163.46916,
            "z": -69.54323
          },
          "screenPosition": {
            "x": 0.826107,
            "y": 0.5817147
          },
          "deltaImage": "not-really-an-image.png"
        },
        {
          "modelPosition": null,
          "screenPosition": null,
          "deltaImage": null
        },
        {
          "modelPosition": {
            "x": -44.078632,
            "y": 165.75443,
            "z": -68.92264
          },
          "screenPosition": {
            "x": 0.7598256,
            "y": 0.6238899
          },
          "deltaImage": "not-really-an-image.png"
        },
        {
          "modelPosition": {
            "x": -43.292374,
            "y": 165.33086,
            "z": -66.82462
          },
          "screenPosition": {
            "x": 0.751559,
            "y": 0.5700435
          },
          "deltaImage": "not-really-an-image.png"
        },
        {
          "modelPosition": {
            "x": -41.681553,
            "y": 164.29968,
            "z": -65.49286
          },
          "screenPosition": {
            "x": 0.76649636,
            "y": 0.5174838
          },
          "deltaImage": "not-really-an-image.png"
        },
        {
          "modelPosition": {
            "x": -39.576916,
            "y": 162.86256,
            "z": -65.38398
          },
          "screenPosition": {
            "x": 0.80354327,
            "y": 0.48056868
          },
          "deltaImage": "not-really-an-image.png"
        },
        {
          "modelPosition": {
            "x": -37.983334,
            "y": 161.65024,
            "z": -67.55599
          },
          "screenPosition": {
            "x": 0.8558193,
            "y": 0.49653128
          },
          "deltaImage": "not-really-an-image.png"
        },
        {
          "modelPosition": {
            "x": -40.402317,
            "y": 163.14899,
            "z": -70.45967
          },
          "screenPosition": {
            "x": 0.843097,
            "y": 0.593062
          },
          "deltaImage": "not-really-an-image.png"
        },
        {
          "modelPosition": {
            "x": -42.68216,
            "y": 164.81061,
            "z": -68.673615
          },
          "screenPosition": {
            "x": 0.782507,
            "y": 0.5959583
          },
          "deltaImage": "not-really-an-image.png"
        },
        {
          "modelPosition": {
            "x": -43.44578,
            "y": 165.51698,
            "z": -65.35481
          },
          "screenPosition": {
            "x": 0.73297924,
            "y": 0.54394734
          },
          "deltaImage": "not-really-an-image.png"
        },
        {
          "modelPosition": null,
          "screenPosition": null,
          "deltaImage": null
        },
        {
          "modelPosition": null,
          "screenPosition": null,
          "deltaImage": null
        },
        {
          "modelPosition": {
            "x": -42.043816,
            "y": 164.88441,
            "z": -59.385822
          },
          "screenPosition": {
            "x": 0.69429487,
            "y": 0.40452406
          },
          "deltaImage": "not-really-an-image.png"
        },
        {
          "modelPosition": {
            "x": -41.047596,
            "y": 164.27098,
            "z": -58.12104
          },
          "screenPosition": {
            "x": 0.6987935,
            "y": 0.3634266
          },
          "deltaImage": "not-really-an-image.png"
        },
        {
          "modelPosition": null,
          "screenPosition": null,
          "deltaImage": null
        },
        {
          "modelPosition": {
            "x": -45.04062,
            "y": 167.17273,
            "z": -55.146748
          },
          "screenPosition": {
            "x": 0.594378,
            "y": 0.37158066
          },
          "deltaImage": "not-really-an-image.png"
        },
        {
          "modelPosition": {
            "x": -45.816376,
            "y": 167.57814,
            "z": -57.443943
          },
          "screenPosition": {
            "x": 0.6049255,
            "y": 0.4290568
          },
          "deltaImage": "not-really-an-image.png"
        },
        {
          "modelPosition": {
            "x": -45.346058,
            "y": 167.10687,
            "z": -60.145565
          },
          "screenPosition": {
            "x": 0.6424963,
            "y": 0.47389877
          },
          "deltaImage": "not-really-an-image.png"
        },
        {
          "modelPosition": {
            "x": -43.158997,
            "y": 165.50874,
            "z": -61.933933
          },
          "screenPosition": {
            "x": 0.7014264,
            "y": 0.472581
          },
          "deltaImage": "not-really-an-image.png"
        },
        {
          "modelPosition": {
            "x": -40.888893,
            "y": 164.07568,
            "z": -59.691288
          },
          "screenPosition": {
            "x": 0.71854854,
            "y": 0.39138484
          },
          "deltaImage": "not-really-an-image.png"
        },
        {
          "modelPosition": {
            "x": -40.594963,
            "y": 164.05046,
            "z": -56.489685
          },
          "screenPosition": {
            "x": 0.6894825,
            "y": 0.32417428
          },
          "deltaImage": "not-really-an-image.png"
        },
        {
          "modelPosition": {
            "x": -42.096073,
            "y": 165.19926,
            "z": -54.31942
          },
          "screenPosition": {
            "x": 0.6389569,
            "y": 0.30686492
          },
          "deltaImage": "not-really-an-image.png"
        },
        {
          "modelPosition": {
            "x": -45.11862,
            "y": 167.21416,
            "z": -55.365845
          },
          "screenPosition": {
            "x": 0.5952649,
            "y": 0.37705258
          },
          "deltaImage": "not-really-an-image.png"
        },
        {
          "modelPosition": {
            "x": -37.412407,
            "y": 162.25783,
            "z": -49.41564
          },
          "screenPosition": {
            "x": 0.6712567,
            "y": 0.13380378
          },
          "deltaImage": "not-really-an-image.png"
        },
        {
          "modelPosition": {
            "x": -39.591595,
            "y": 163.73987,
            "z": -49.636944
          },
          "screenPosition": {
            "x": 0.6342596,
            "y": 0.17486419
          },
          "deltaImage": "not-really-an-image.png"
        },
        {
          "modelPosition": {
            "x": -41.485905,
            "y": 164.99916,
            "z": -50.355995
          },
          "screenPosition": {
            "x": 0.6073943,
            "y": 0.21944313
          },
          "deltaImage": "not-really-an-image.png"
        },
        {
          "modelPosition": {
            "x": -42.525326,
            "y": 165.58997,
            "z": -52.569633
          },
          "screenPosition": {
            "x": 0.61230725,
            "y": 0.27973393
          },
          "deltaImage": "not-really-an-image.png"
        },
        {
          "modelPosition": {
            "x": -42.945374,
            "y": 165.7478,
            "z": -54.933582
          },
          "screenPosition": {
            "x": 0.6300822,
            "y": 0.33271527
          },
          "deltaImage": "not-really-an-image.png"
        },
        {
          "modelPosition": {
            "x": -43.420353,
            "y": 165.9021,
            "z": -58.04556
          },
          "screenPosition": {
            "x": 0.6549356,
            "y": 0.4012614
          },
          "deltaImage": "not-really-an-image.png"
        },
        {
          "modelPosition": null,
          "screenPosition": null,
          "deltaImage": null
        },
        {
          "modelPosition": {
            "x": -38.024456,
            "y": 162.25577,
            "z": -57.073242
          },
          "screenPosition": {
            "x": 0.74244124,
            "y": 0.29332232
          },
          "deltaImage": "not-really-an-image.png"
        },
        {
          "modelPosition": {
            "x": -38.4116,
            "y": 162.67027,
            "z": -54.366783
          },
          "screenPosition": {
            "x": 0.7063164,
            "y": 0.24674381
          },
          "deltaImage": "not-really-an-image.png"
        },
        {
          "modelPosition": null,
          "screenPosition": null,
          "deltaImage": null
        },
        {
          "modelPosition": {
            "x": -39.732517,
            "y": 163.7951,
            "z": -50.38859
          },
          "screenPosition": {
            "x": 0.63965887,
            "y": 0.19138734
          },
          "deltaImage": "not-really-an-image.png"
        },
        {
          "modelPosition": {
            "x": -37.436554,
            "y": 162.30324,
            "z": -48.891624
          },
          "screenPosition": {
            "x": 0.6652838,
            "y": 0.12453322
          },
          "deltaImage": "not-really-an-image.png"
        },
        {
          "modelPosition": {
            "x": -35.906425,
            "y": 161.20462,
            "z": -49.789272
          },
          "screenPosition": {
            "x": 0.7026174,
            "y": 0.11619007
          },
          "deltaImage": "not-really-an-image.png"
        },
        {
          "modelPosition": {
            "x": -35.07233,
            "y": 160.47484,
            "z": -52.65559
          },
          "screenPosition": {
            "x": 0.7485634,
            "y": 0.15822716
          },
          "deltaImage": "not-really-an-image.png"
        },
        {
          "modelPosition": {
            "x": -36.074787,
            "y": 160.99965,
            "z": -55.607048
          },
          "screenPosition": {
            "x": 0.762076,
            "y": 0.23227642
          },
          "deltaImage": "not-really-an-image.png"
        },
        {
          "modelPosition": {
            "x": -38.048576,
            "y": 162.30127,
            "z": -56.547382
          },
          "screenPosition": {
            "x": 0.73637205,
            "y": 0.28372568
          },
          "deltaImage": "not-really-an-image.png"
        },
        {
          "modelPosition": {
            "x": -40.260017,
            "y": 163.84012,
            "z": -56.13868
          },
          "screenPosition": {
            "x": 0.6918374,
            "y": 0.3120235
          },
          "deltaImage": "not-really-an-image.png"
        },
        {
          "modelPosition": {
            "x": -41.994614,
            "y": 165.11282,
            "z": -54.625736
          },
          "screenPosition": {
            "x": 0.6440382,
            "y": 0.31100604
          },
          "deltaImage": "not-really-an-image.png"
        },
        {
          "modelPosition": {
            "x": -41.754326,
            "y": 165.08304,
            "z": -52.17493
          },
          "screenPosition": {
            "x": 0.6221953,
            "y": 0.25966775
          },
          "deltaImage": "not-really-an-image.png"
        },
        {
          "modelPosition": {
            "x": -39.539017,
            "y": 163.64029,
            "z": -50.79038
          },
          "screenPosition": {
            "x": 0.64741385,
            "y": 0.19572537
          },
          "deltaImage": "not-really-an-image.png"
        },
        {
          "modelPosition": {
            "x": -38.42538,
            "y": 162.80165,
            "z": -52.15287
          },
          "screenPosition": {
            "x": 0.68227625,
            "y": 0.20385465
          },
          "deltaImage": "not-really-an-image.png"
        },
        {
          "modelPosition": {
            "x": -36.71011,
            "y": 161.56543,
            "z": -53.24405
          },
          "screenPosition": {
            "x": 0.7251478,
            "y": 0.1967564
          },
          "deltaImage": "not-really-an-image.png"
        },
        {
          "modelPosition": {
            "x": -35.31863,
            "y": 160.5203,
            "z": -54.89655
          },
          "screenPosition": {
            "x": 0.76817167,
            "y": 0.20594162
          },
          "deltaImage": "not-really-an-image.png"
        },
        {
          "modelPosition": {
            "x": -35.13355,
            "y": 160.27809,
            "z": -56.990185
          },
          "screenPosition": {
            "x": 0.7940298,
            "y": 0.24365719
          },
          "deltaImage": "not-really-an-image.png"
        },
        {
          "modelPosition": {
            "x": -34.958096,
            "y": 160.05397,
            "z": -58.875275
          },
          "screenPosition": {
            "x": 0.8265622,
            "y": 0.27527678
          },
          "deltaImage": "not-really-an-image.png"
        },
        {
          "modelPosition": {
            "x": -35.564003,
            "y": 160.3553,
            "z": -60.94754
          },
          "screenPosition": {
            "x": 0.8423647,
            "y": 0.32235172
          },
          "deltaImage": "not-really-an-image.png"
        },
        {
          "modelPosition": null,
          "screenPosition": null,
          "deltaImage": null
        },
        {
          "modelPosition": null,
          "screenPosition": null,
          "deltaImage": null
        },
        {
          "modelPosition": {
            "x": -38.75583,
            "y": 162.26328,
            "z": -66.042755
          },
          "screenPosition": {
            "x": 0.82551247,
            "y": 0.4798744
          },
          "deltaImage": "not-really-an-image.png"
        },
        {
          "modelPosition": null,
          "screenPosition": null,
          "deltaImage": null
        },
        {
          "modelPosition": {
            "x": -41.1035,
            "y": 164.16335,
            "z": -60.771416
          },
          "screenPosition": {
            "x": 0.72627664,
            "y": 0.41609612
          },
          "deltaImage": "not-really-an-image.png"
        },
        {
          "modelPosition": null,
          "screenPosition": null,
          "deltaImage": null
        },
        {
          "modelPosition": {
            "x": -36.8166,
            "y": 161.347,
            "z": -58.535877
          },
          "screenPosition": {
            "x": 0.7800782,
            "y": 0.30157718
          },
          "deltaImage": "not-really-an-image.png"
        },
        {
          "modelPosition": {
            "x": -35.423473,
            "y": 160.30054,
            "z": -60.19228
          },
          "screenPosition": {
            "x": 0.8367267,
            "y": 0.3055564
          },
          "deltaImage": "not-really-an-image.png"
        },
        {
          "modelPosition": {
            "x": -34.683285,
            "y": 160.85817,
            "z": -62.89027
          },
          "screenPosition": {
            "x": 0.85486025,
            "y": 0.3595754
          },
          "deltaImage": "not-really-an-image.png"
        },
        {
          "modelPosition": {
            "x": -36.24788,
            "y": 160.59277,
            "z": -65.15003
          },
          "screenPosition": {
            "x": 0.86047894,
            "y": 0.42315084
          },
          "deltaImage": "not-really-an-image.png"
        },
        {
          "modelPosition": {
            "x": -38.007046,
            "y": 161.8008,
            "z": -65.11758
          },
          "screenPosition": {
            "x": 0.82918644,
            "y": 0.4494339
          },
          "deltaImage": "not-really-an-image.png"
        },
        {
          "modelPosition": {
            "x": -39.561375,
            "y": 162.93959,
            "z": -63.791836
          },
          "screenPosition": {
            "x": 0.78669566,
            "y": 0.44945022
          },
          "deltaImage": "not-really-an-image.png"
        },
        {
          "modelPosition": {
            "x": -40.10865,
            "y": 163.44597,
            "z": -61.411037
          },
          "screenPosition": {
            "x": 0.75119615,
            "y": 0.41198212
          },
          "deltaImage": "not-really-an-image.png"
        },
        {
          "modelPosition": {
            "x": -38.07369,
            "y": 162.13783,
            "z": -59.827553
          },
          "screenPosition": {
            "x": 0.77113163,
            "y": 0.34750986
          },
          "deltaImage": "not-really-an-image.png"
        },
        {
          "modelPosition": {
            "x": -36.947628,
            "y": 161.27876,
            "z": -61.40629
          },
          "screenPosition": {
            "x": 0.8085397,
            "y": 0.3596658
          },
          "deltaImage": "not-really-an-image.png"
        },
        {
          "modelPosition": {
            "x": -37.98241,
            "y": 161.85995,
            "z": -63.736656
          },
          "screenPosition": {
            "x": 0.8147605,
            "y": 0.4222682
          },
          "deltaImage": "not-really-an-image.png"
        },
        {
          "modelPosition": {
            "x": -39.0568,
            "y": 162.5147,
            "z": -65.224785
          },
          "screenPosition": {
            "x": 0.8112513,
            "y": 0.468957
          },
          "deltaImage": "not-really-an-image.png"
        },
        {
          "modelPosition": {
            "x": -39.83586,
            "y": 162.92761,
            "z": -67.42681
          },
          "screenPosition": {
            "x": 0.8207665,
            "y": 0.5246838
          },
          "deltaImage": "not-really-an-image.png"
        },
        {
          "modelPosition": {
            "x": -39.886356,
            "y": 162.80981,
            "z": -70.19425
          },
          "screenPosition": {
            "x": 0.84958285,
            "y": 0.57938683
          },
          "deltaImage": "not-really-an-image.png"
        },
        {
          "modelPosition": null,
          "screenPosition": null,
          "deltaImage": null
        },
        {
          "modelPosition": null,
          "screenPosition": null,
          "deltaImage": null
        },
        {
          "modelPosition": {
            "x": -35.202877,
            "y": 161.05322,
            "z": -65.81748
          },
          "screenPosition": {
            "x": 0.87688017,
            "y": 0.4251718
          },
          "deltaImage": "not-really-an-image.png"
        },
        {
          "modelPosition": {
            "x": -36.92821,
            "y": 161.03207,
            "z": -65.643845
          },
          "screenPosition": {
            "x": 0.85436285,
            "y": 0.4419962
          },
          "deltaImage": "not-really-an-image.png"
        },
        {
          "modelPosition": {
            "x": -38.483692,
            "y": 162.06651,
            "z": -66.22717
          },
          "screenPosition": {
            "x": 0.83242166,
            "y": 0.47899556
          },
          "deltaImage": "not-really-an-image.png"
        },
        {
          "modelPosition": {
            "x": -40.709545,
            "y": 163.62697,
            "z": -65.60575
          },
          "screenPosition": {
            "x": 0.7853598,
            "y": 0.50360745
          },
          "deltaImage": "not-really-an-image.png"
        },
        {
          "modelPosition": {
            "x": -40.207043,
            "y": 163.41954,
            "z": -63.115864
          },
          "screenPosition": {
            "x": 0.7677263,
            "y": 0.44686714
          },
          "deltaImage": "not-really-an-image.png"
        },
        {
          "modelPosition": {
            "x": -38.405193,
            "y": 162.12996,
            "z": -64.09783
          },
          "screenPosition": {
            "x": 0.81099904,
            "y": 0.43615454
          },
          "deltaImage": "not-really-an-image.png"
        },
        {
          "modelPosition": {
            "x": -37.5406,
            "y": 161.44853,
            "z": -65.706406
          },
          "screenPosition": {
            "x": 0.84396076,
            "y": 0.45324302
          },
          "deltaImage": "not-really-an-image.png"
        },
        {
          "modelPosition": {
            "x": -35.46947,
            "y": 161.15332,
            "z": -67.31938
          },
          "screenPosition": {
            "x": 0.8881782,
            "y": 0.45882827
          },
          "deltaImage": "not-really-an-image.png"
        },
        {
          "modelPosition": {
            "x": -36.933083,
            "y": 160.83072,
            "z": -69.36067
          },
          "screenPosition": {
            "x": 0.90486073,
            "y": 0.5085248
          },
          "deltaImage": "not-really-an-image.png"
        },
        {
          "modelPosition": null,
          "screenPosition": null,
          "deltaImage": null
        },
        {
          "modelPosition": {
            "x": -40.01976,
            "y": 162.74236,
            "z": -73.08011
          },
          "screenPosition": {
            "x": 0.87819254,
            "y": 0.6377739
          },
          "deltaImage": "not-really-an-image.png"
        },
        {
          "modelPosition": {
            "x": -38.876465,
            "y": 161.85344,
            "z": -74.98637
          },
          "screenPosition": {
            "x": 0.9194459,
            "y": 0.65600264
          },
          "deltaImage": "not-really-an-image.png"
        },
        {
          "modelPosition": {
            "x": -38.51196,
            "y": 161.48227,
            "z": -77.187485
          },
          "screenPosition": {
            "x": 0.9634911,
            "y": 0.683182
          },
          "deltaImage": "not-really-an-image.png"
        }
      ],
      "deltaImage": "20190825-060411/brain-CAD7F8-0.webp",
      "screenAreaInSqPixels": null,
      "screenAngle": null
    }
  ],
  "cameraMatrix": {
    "elements": [
      0.8222655061699404,
      -0.5628101680023845,
      0.08440469273813742,
      0.0,
      0.056603798716205134,
      -0.06669703330600574,
      -0.9961664096520585,
      0.0,
      0.5662821269773459,
      0.8238909033004947,
      -0.022985476386355508,
      0.0,
      11.034189467937395,
      247.02269802200078,
      -74.00648543434227,
      1.0
    ]
  },
  "baseImage": "20190825-060411/base.webp",
  "version": 0,
  "savedAt": 1.566713342712E12,
  "notes": null
}